mpid	verdict	iterations	gap_LDA_eV	gap_QSGW80_eV	seconds	worker	date_time
mp-1087	CONVERGED	5	2.303630	4.172491	228	T2	2026-09-30 00:55:34
mp-1253	CONVERGED	5	1.872121	3.573376	497	W3	2026-09-30 01:16:30
mp-1342	CONVERGED	5	1.992176	4.188265	530	W2	2026-09-30 01:17:03
mp-1056418	NOGAP	1	0.436487	none	904	W4	2026-09-30 01:23:17
mp-1415	CONVERGED	5	1.916106	3.848115	603	W3	2026-09-30 01:26:33
mp-8196	CONVERGED	6	1.525729	5.055941	1226	W1	2026-09-30 01:28:39
mp-1519	CONVERGED	5	1.451984	2.963353	405	W4	2026-09-30 01:30:02
mp-1500	CONVERGED	5	2.052343	3.920177	840	W2	2026-09-30 01:31:03
mp-1784	CONVERGED	6	5.245336	8.871848	383	W3	2026-09-30 01:32:56
mp-1958	CONVERGED	5	1.654501	2.989890	399	W1	2026-09-30 01:35:18
mp-22865	CONVERGED	5	5.041066	7.977487	361	W4	2026-09-30 01:36:03
mp-22867	CONVERGED	5	4.083585	7.103416	383	W2	2026-09-30 01:37:26
mp-22898	CONVERGED	5	3.673408	6.336210	375	W3	2026-09-30 01:39:11
mp-22901	CONVERGED	5	3.081217	5.433731	369	W1	2026-09-30 01:41:27
mp-22903	CONVERGED	5	3.563558	6.276975	436	W4	2026-09-30 01:43:19
mp-22906	CONVERGED	5	4.264978	6.971116	396	W2	2026-09-30 01:44:02
mp-23197	CONVERGED	5	1.607907	2.721309	393	W3	2026-09-30 01:45:44
mp-23251	CONVERGED	5	4.267427	7.277473	368	W1	2026-09-30 01:47:35
mp-23295	CONVERGED	5	4.679159	7.982697	344	W4	2026-09-30 01:49:03
mp-23299	CONVERGED	5	4.800322	7.885537	338	W2	2026-09-30 01:49:40
mp-23302	CONVERGED	5	3.136800	5.562999	386	W3	2026-09-30 01:52:10
mp-23303	CONVERGED	5	3.940828	6.712522	394	W1	2026-09-30 01:54:09
mp-2600	CONVERGED	5	0.766467	1.947573	413	W4	2026-09-30 01:55:56
mp-2667	CONVERGED	5	0.928034	2.366361	412	W2	2026-09-30 01:56:32
mp-2758	CONVERGED	5	2.077045	3.767455	299	W3	2026-09-30 01:57:09
mp-570891	CONVERGED	5	3.742652	6.517218	391	W4	2026-09-30 02:02:27
mp-30373	CONVERGED	5	0.167588	1.478791	538	W1	2026-09-30 02:03:07
mp-571222	CONVERGED	5	4.104366	7.049812	414	W2	2026-09-30 02:03:26
mp-573697	CONVERGED	5	4.630841	7.812620	485	W3	2026-09-30 02:05:14
mp-614603	CONVERGED	5	3.595345	6.307015	477	W4	2026-09-30 02:10:24
mp-632319	CONVERGED	6	2.302430	4.701782	483	W1	2026-09-30 02:11:10
mp-8455	CONVERGED	6	6.006345	9.636459	570	W2	2026-09-30 02:12:56
mp-11327	CONVERGED	5	1.592205	3.699034	615	W3	2026-09-30 02:15:29
mp-1394	CONVERGED	6	1.301782	3.328882	637	W4	2026-09-30 02:21:01
mp-15687	CONVERGED	5	0.139934	1.303605	663	W1	2026-09-30 02:22:13
mp-1747	CONVERGED	6	1.953498	3.930307	650	W2	2026-09-30 02:23:46
mp-23209	CONVERGED	5	5.003842	7.816688	589	W3	2026-09-30 02:25:18
mp-2697	CONVERGED	5	2.758681	5.758807	1523	W4	2026-09-30 02:46:24
mp-505297	CONVERGED	4	0.310956	0.675472	1512	W3	2026-09-30 02:50:30
mp-30031	CONVERGED	5	3.470842	6.084609	1781	W1	2026-09-30 02:51:54
mp-441	CONVERGED	6	1.660044	3.704224	1704	W2	2026-09-30 02:52:10
mp-568662	CONVERGED	5	5.203188	8.002961	390	W4	2026-09-30 02:52:54
mp-8041	CONVERGED	5	1.751015	3.922739	275	W4	2026-09-30 02:57:37
mp-8426	CONVERGED	5	1.952488	4.112822	303	W1	2026-09-30 02:58:05
mp-10226	CONVERGED	5	2.117783	3.870547	438	W3	2026-09-30 03:00:20
mp-7988	CONVERGED	6	0.831782	2.279375	470	W2	2026-09-30 03:00:52
mp-10969	CONVERGED	5	2.083752	3.816450	254	W4	2026-09-30 03:01:51
mp-1207108	CONVERGED	4	0.773235	1.364712	314	W1	2026-09-30 03:03:19
mp-14437	CONVERGED	5	3.521503	5.951582	343	W3	2026-09-30 03:06:03
mp-581833	CONVERGED	5	3.597908	6.417903	268	W1	2026-09-30 03:07:47
mp-16763	CONVERGED	5	1.206675	2.439019	635	W2	2026-09-30 03:11:27
mp-18921	MAXITER	10	0.791976	3.364365	591	W4	2026-09-30 03:11:42
mp-1068577	CONVERGED	5	2.178316	3.434653	248	W1	2026-09-30 03:11:55
mp-9383	CONVERGED	5	0.170895	1.198651	385	W3	2026-09-30 03:12:28
mp-14099	CONVERGED	6	1.448655	5.471937	286	W4	2026-09-30 03:16:28
mp-12725	CONVERGED	6	1.094585	2.442575	323	W2	2026-09-30 03:16:50
mp-22535	CONVERGED	5	2.306512	3.583439	382	W1	2026-09-30 03:18:17
mp-22981	CONVERGED	5	2.703091	4.499910	428	W3	2026-09-30 03:19:36
mp-23011	CONVERGED	6	5.161027	8.810958	520	W4	2026-09-30 03:25:08
mp-29798	CONVERGED	5	3.387881	5.683209	478	W1	2026-09-30 03:26:15
mp-29738	CONVERGED	6	4.127036	6.817851	634	W2	2026-09-30 03:27:24
mp-4559	CONVERGED	6	4.354890	7.465043	510	W3	2026-09-30 03:28:06
mp-552098	CONVERGED	4	0.376638	0.965917	423	W4	2026-09-30 03:32:11
mp-558189	CONVERGED	5	0.479781	1.812281	429	W1	2026-09-30 03:33:24
mp-625548	CONVERGED	6	1.513245	4.164273	408	W2	2026-09-30 03:34:12
mp-1018656	CONVERGED	6	1.396659	3.825459	472	W3	2026-09-30 03:35:58
mp-1019269	CONVERGED	6	1.793758	3.964839	645	W4	2026-09-30 03:42:56
mp-22993	CONVERGED	6	2.558213	6.097852	570	W3	2026-09-30 03:45:28
mp-10497	CONVERGED	5	2.117045	4.424389	820	W1	2026-09-30 03:47:04
mp-1077553	CONVERGED	5	2.255133	4.096167	1031	W2	2026-09-30 03:51:23
mp-27985	CONVERGED	5	4.890571	6.979708	638	W3	2026-09-30 03:56:06
mp-30530	CONVERGED	5	4.537533	7.632298	486	W2	2026-09-30 03:59:29
mp-23052	CONVERGED	5	1.183343	2.876096	1185	W4	2026-09-30 04:02:41
mp-36248	CONVERGED	5	4.230708	6.846275	247	W2	2026-09-30 04:03:36
mp-3307	CONVERGED	6	4.125531	7.115837	536	W3	2026-09-30 04:05:02
mp-551758	CONVERGED	6	2.023994	5.576670	384	W2	2026-09-30 04:10:00
mp-30302	CONVERGED	5	1.851679	3.453893	1608	W1	2026-09-30 04:13:52
mp-551798	CONVERGED	7	0.002741	1.339309	900	W3	2026-09-30 04:20:02
mp-5606	CONVERGED	6	4.104807	7.227966	951	W1	2026-09-30 04:29:43
mp-551456	CONVERGED	6	2.255917	4.464731	1759	W4	2026-09-30 04:32:00
mp-552934	CONVERGED	6	2.226497	4.393846	1697	W2	2026-09-30 04:38:17
mp-567299	CONVERGED	5	4.402887	7.592745	1175	W3	2026-09-30 04:39:37
mp-643043	CONVERGED	6	2.998063	6.427641	818	W4	2026-09-30 04:45:38
mp-7811	CONVERGED	6	3.554214	6.584294	477	W2	2026-09-30 04:46:14
mp-1077901	CONVERGED	4	0.206730	0.272827	632	W3	2026-09-30 04:50:09
mp-567441	CONVERGED	5	0.866233	2.304422	1921	W1	2026-09-30 05:01:44
mp-7700	CONVERGED	4	0.044190	0.265274	350	W1	2026-09-30 05:07:34
mp-546862	CONVERGED	5	2.227586	3.636553	2214	W4	2026-09-30 05:22:32
mp-7983	CONVERGED	6	3.410704	6.349910	1187	W1	2026-09-30 05:27:21
mp-571461	CONVERGED	5	0.591703	1.781024	3063	W3	2026-09-30 05:41:12
mp-9583	CONVERGED	6	4.233235	8.862448	1292	W4	2026-09-30 05:44:04
mp-1080045	CONVERGED	5	4.137954	6.977302	1885	W1	2026-09-30 05:58:46
mp-1080511	CONVERGED	6	1.007577	3.842877	1294	W3	2026-09-30 06:02:46
mp-551826	CONVERGED	6	1.109565	2.666349	4837	W2	2026-09-30 06:06:51
mp-14006	CONVERGED	6	5.740562	10.568682	718	W1	2026-09-30 06:10:44
mp-14070	CONVERGED	6	3.277843	6.352957	493	W3	2026-09-30 06:10:59
mp-20458	CONVERGED	6	1.705999	5.109806	820	W2	2026-09-30 06:20:31
mp-2247	CONVERGED	6	1.384721	3.640062	781	W1	2026-09-30 06:23:45
mp-22604	CONVERGED	6	3.347954	6.950402	781	W3	2026-09-30 06:24:00
mp-27419	CONVERGED	7	2.661866	6.731355	719	W1	2026-09-30 06:35:44
mp-29025	CONVERGED	5	2.447423	4.487604	868	W3	2026-09-30 06:38:28
mp-1179832	FAIL(1)	0	0.104062	none	4437	W4	2026-09-30 06:58:01
mp-29047	CONVERGED	5	2.331384	3.588622	2059	W3	2026-09-30 07:12:47
mp-29151	CONVERGED	5	2.059977	4.079634	1092	W4	2026-09-30 07:16:13
mp-29764	CONVERGED	6	6.586519	11.314168	1119	W3	2026-09-30 07:31:26
mp-29027	CONVERGED	5	0.740647	1.876540	3616	W1	2026-09-30 07:36:00
mp-468	CONVERGED	6	7.890584	13.197701	814	W3	2026-09-30 07:45:00
mp-510557	CONVERGED	5	4.079606	6.648357	881	W1	2026-09-30 07:50:41
mp-3078	CONVERGED	5	0.392957	1.378474	2107	W4	2026-09-30 07:51:20
mp-545730	CONVERGED	6	1.134596	3.436113	1680	W3	2026-09-30 08:13:00
mp-551816	CONVERGED	5	1.248617	2.460687	1699	W1	2026-09-30 08:19:00
mp-552169	CONVERGED	6	0.651816	3.798930	1785	W4	2026-09-30 08:21:05
mp-555718	CONVERGED	6	1.192299	5.221480	668	W1	2026-09-30 08:30:08
mp-552604	CONVERGED	5	1.309736	2.628610	1162	W3	2026-09-30 08:32:22
mp-555911	CONVERGED	6	4.593981	8.464341	718	W4	2026-09-30 08:33:03
mp-570051	CONVERGED	4	0.076166	0.645070	3745	W3	2026-09-30 09:34:47
mp-570076	CONVERGED	5	0.284114	0.946430	5230	W4	2026-09-30 10:00:13
mp-23435	CONVERGED	5	0.014058	0.331196	16337	W2	2026-09-30 10:52:48
mp-570140	CONVERGED	5	1.881793	3.474921	5437	W3	2026-09-30 11:05:24
mp-570219	CONVERGED	5	2.334327	4.612794	5517	W4	2026-09-30 11:32:10
mp-568388	CONVERGED	5	0.640065	1.441402	11713	W1	2026-09-30 11:45:21
mp-571297	CONVERGED	6	1.470049	3.330038	3752	W1	2026-09-30 12:47:53
mp-571100	CONVERGED	6	1.581668	3.945622	6886	W3	2026-09-30 13:00:10
mp-570589	CONVERGED	6	1.394233	3.172827	10402	W2	2026-09-30 13:46:10
mp-571266	CONVERGED	6	3.919182	7.681157	11368	W4	2026-09-30 14:41:38
mp-626151	CONVERGED	6	4.052821	6.107897	4084	W2	2026-09-30 14:54:14
mp-571442	CONVERGED	5	2.798008	4.836823	8495	W1	2026-09-30 15:09:28
mp-573321	CONVERGED	5	0.465572	1.137733	8909	W3	2026-09-30 15:28:39
mp-6781	CONVERGED	6	2.975232	5.598843	4664	W4	2026-09-30 15:59:22
mp-691	CONVERGED	4	0.792248	1.243348	4435	W1	2026-09-30 16:23:23
mp-685022	CONVERGED	4	0.666132	1.062651	5930	W2	2026-09-30 16:33:04
mp-696736	CONVERGED	6	6.975834	11.951191	4071	W3	2026-09-30 16:36:30
mp-697144	CONVERGED	6	1.805169	4.777354	3722	W4	2026-09-30 17:01:24
mp-720	CONVERGED	5	2.903315	4.731647	2607	W1	2026-09-30 17:06:50
mp-7467	CONVERGED	6	0.800926	3.534965	2233	W3	2026-09-30 17:13:43
mp-730101	CONVERGED	4	9.710196	15.230640	3267	W2	2026-09-30 17:27:31
mp-8348	CONVERGED	6	4.143709	7.804920	2717	W4	2026-09-30 17:46:41
mp-8446	CONVERGED	5	1.073362	2.160216	5979	W2	2026-09-30 19:07:10
mp-863757	CONVERGED	5	0.871825	1.779096	7799	W4	2026-09-30 19:56:40
mp-8360	CONVERGED	5	0.742770	2.270933	11614	W1	2026-09-30 20:20:24
mp-870	CONVERGED	5	1.479471	2.958804	6187	W2	2026-09-30 20:50:17
mp-8361	CONVERGED	5	0.930500	2.528535	13189	W3	2026-09-30 20:53:32
mp-9273	CONVERGED	4	0.985786	1.624304	5282	W4	2026-09-30 21:24:42
mp-9274	CONVERGED	5	1.118788	1.827489	4393	W1	2026-09-30 21:33:37
mp-9687	CONVERGED	5	0.806899	1.812703	3916	W2	2026-09-30 21:55:33
mp-546711	CONVERGED	5	5.412798	8.953423	1326	W1	2026-09-30 21:55:43
mp-9778	CONVERGED	5	1.100432	2.187619	4407	W3	2026-09-30 22:06:59
mp-9922	CONVERGED	5	0.875094	2.295576	3505	W4	2026-09-30 22:23:07
