# mpid formula natom May-state May-gap(TF32,eV) priority  (2026-09-30: problem materials first; user "失敗、判定できないもの、あやしいものを先に")
mp-2894	ScSnAu	3	GOOD	0.146	1:SUSPECT:gap<LDA
mp-1001786	LiScS2	4	GOOD	2.753	1:SUSPECT:osc>0.5
mp-1006888	KYS2	4	GOOD	3.424	1:SUSPECT:osc>0.5
mp-10423	KAuC2	4	GOOD	3.950	1:SUSPECT:osc>0.5
mp-1066131	YTlS2	4	GOOD	2.578	1:SUSPECT:osc>0.5
mp-22003	NaN3	4	GOOD	5.832	1:SUSPECT:osc>0.5
mp-3056	NaTlO2	4	GOOD	1.465	1:SUSPECT:osc>0.5
mp-4636	ScCuO2	4	GOOD	4.115	1:SUSPECT:osc>0.5
mp-29585	K4CdAs2	7	GOOD	1.107	1:SUSPECT:osc>0.5
mp-8753	K4HgP2	7	GOOD	1.641	1:SUSPECT:osc>0.5
mp-10474	NaPF6	8	GOOD	12.748	1:SUSPECT:osc>0.5
mp-1078195	Si2I6	8	GOOD	5.158	1:SUSPECT:osc>0.5
mp-1079088	NaAsF6	8	GOOD	11.107	1:SUSPECT:osc>0.5
mp-1079707	Ca4O4	8	GOOD	4.723	1:SUSPECT:osc>0.5
mp-27999	K5CuSb2	8	GOOD	1.899	1:SUSPECT:osc>0.5
mp-3829	Cd2Sn2As4	8	GOOD	0.063	1:SUSPECT:gap<LDA
mp-796276	Mo2O6	8	GOOD	1.069	1:SUSPECT:gap<LDA
mp-9636	CsSbF6	8	GOOD	9.522	1:SUSPECT:osc>0.5
mp-169	C2	2	NOTCONV	2.941	2:NOTCONV
mp-1986	ZnO	2	NOTCONV	2.940	2:NOTCONV
mp-2605	CaO	2	NOTCONV	6.532	2:NOTCONV
mp-569639	TlCl	2	NOTCONV	1.253	2:NOTCONV
mp-682	NaF	2	NOTCONV	11.462	2:NOTCONV
mp-1105	BaO2	3	NOTCONV	5.105	2:NOTCONV
mp-2278	HgO2	3	NOTCONV	1.861	2:NOTCONV
mp-22881	CdCl2	3	NOTCONV	5.570	2:NOTCONV
mp-22883	PbI2	3	NOTCONV	3.707	2:NOTCONV
mp-25210	NiO2	3	NOTCONV	2.176	2:NOTCONV
mp-35925	NiO2	3	NOTCONV	3.801	2:NOTCONV
mp-568690	CdBr2	3	NOTCONV	4.433	2:NOTCONV
mp-569960	ZnBr2	3	NOTCONV	5.744	2:NOTCONV
mp-9813	WS2	3	NOTCONV	1.322	2:NOTCONV
mp-1017514	MgSiN2	4	NOTCONV	5.759	2:NOTCONV
mp-1018098	Ba2BrN	4	NOTCONV	2.424	2:NOTCONV
mp-15794	LiYSe2	4	NOTCONV	2.710	2:NOTCONV
mp-20930	InCuO2	4	NOTCONV	1.805	2:NOTCONV
mp-22473	NaInSe2	4	NOTCONV	2.208	2:NOTCONV
mp-22526	LiCoO2	4	NOTCONV	2.880	2:NOTCONV
mp-22660	InAgO2	4	NOTCONV	1.616	2:NOTCONV
mp-22936	Ca2NCl	4	NOTCONV	3.223	2:NOTCONV
mp-23040	Ca2PI	4	NOTCONV	2.277	2:NOTCONV
mp-23056	Sr2BrN	4	NOTCONV	2.557	2:NOTCONV
mp-27837	NaHF2	4	NOTCONV	11.281	2:NOTCONV
mp-30041	RbBiS2	4	NOTCONV	3.289	2:NOTCONV
mp-34857	KNO2	4	NOTCONV	8.626	2:NOTCONV
mp-3915	BaHgO2	4	NOTCONV	4.051	2:NOTCONV
mp-4124	CaCN2	4	NOTCONV	5.686	2:NOTCONV
mp-5175	NaInO2	4	NOTCONV	5.066	2:NOTCONV
mp-546500	NaCNO	4	NOTCONV	8.355	2:NOTCONV
mp-546787	KNO2	4	NOTCONV	6.686	2:NOTCONV
mp-549706	Mg2O2	4	NOTCONV	6.580	2:NOTCONV
mp-554134	Sn2S2	4	NOTCONV	3.779	2:NOTCONV
mp-559092	ScF3	4	NOTCONV	13.911	2:NOTCONV
mp-561203	F4	4	NOTCONV	9.855	2:NOTCONV
mp-569304	C4	4	NOTCONV	3.868	2:NOTCONV
mp-5770	AgNO2	4	NOTCONV	1.063	2:NOTCONV
mp-632296	H2F2	4	NOTCONV	12.353	2:NOTCONV
mp-6972	YCuO2	4	NOTCONV	3.966	2:NOTCONV
mp-7041	CaHgO2	4	NOTCONV	4.568	2:NOTCONV
mp-706	Hg2F2	4	NOTCONV	3.009	2:NOTCONV
mp-7748	NaAlO2	4	NOTCONV	7.282	2:NOTCONV
mp-8001	LiAlO2	4	NOTCONV	8.369	2:NOTCONV
mp-8039	AlF3	4	NOTCONV	13.058	2:NOTCONV
mp-8175	KTlO2	4	NOTCONV	2.319	2:NOTCONV
mp-8830	NaRhO2	4	NOTCONV	0.130	2:NOTCONV
mp-9166	MgCN2	4	NOTCONV	6.635	2:NOTCONV
mp-9889	Ga2S2	4	NOTCONV	2.795	2:NOTCONV
mp-999460	NaScS2	4	NOTCONV	2.890	2:NOTCONV
mp-10250	BaLiF3	5	NOTCONV	11.094	2:NOTCONV
mp-19183	Li2NiO2	5	NOTCONV	3.784	2:NOTCONV
mp-27962	CI4	5	NOTCONV	3.351	2:NOTCONV
mp-28593	Li3BrO	5	NOTCONV	7.032	2:NOTCONV
mp-28873	CsBrO3	5	NOTCONV	4.978	2:NOTCONV
mp-30247	MgH2O2	5	NOTCONV	8.021	2:NOTCONV
mp-341	PbF4	5	NOTCONV	5.360	2:NOTCONV
mp-3448	KMgF3	5	NOTCONV	12.021	2:NOTCONV
mp-4950	KCaF3	5	NOTCONV	14.031	2:NOTCONV
mp-4961	Na2HgO2	5	NOTCONV	4.957	2:NOTCONV
mp-5072	Rb2HgO2	5	NOTCONV	3.980	2:NOTCONV
mp-541989	Na2CN2	5	NOTCONV	5.451	2:NOTCONV
mp-550506	KClO3	5	NOTCONV	9.259	2:NOTCONV
mp-551905	OsO4	5	NOTCONV	8.947	2:NOTCONV
mp-560399	NaMgF3	5	NOTCONV	11.125	2:NOTCONV
mp-5860	K2HgO2	5	NOTCONV	3.967	2:NOTCONV
mp-644497	BaTiO3	5	NOTCONV	2.658	2:NOTCONV
mp-6951	RbCdF3	5	NOTCONV	7.407	2:NOTCONV
mp-7232	Cs2HgO2	5	NOTCONV	4.286	2:NOTCONV
mp-8818	Ca2ZnN2	5	NOTCONV	2.016	2:NOTCONV
mp-9307	Ba2ZnN2	5	NOTCONV	1.761	2:NOTCONV
mp-9816	GeF4	5	NOTCONV	10.639	2:NOTCONV
mp-1071820	Si2O4	6	NOTCONV	7.795	2:NOTCONV
mp-1077316	C2O4	6	NOTCONV	11.449	2:NOTCONV
mp-1249	Mg2F4	6	NOTCONV	11.836	2:NOTCONV
mp-1873	Zn2F4	6	NOTCONV	8.481	2:NOTCONV
mp-22904	Ca2Cl4	6	NOTCONV	8.446	2:NOTCONV
mp-23856	Li2H2O2	6	NOTCONV	7.902	2:NOTCONV
mp-23891	Na2H2O2	6	NOTCONV	6.846	2:NOTCONV
mp-23940	Na2H2O2	6	NOTCONV	6.575	2:NOTCONV
mp-27716	K2Tl2O2	6	NOTCONV	2.567	2:NOTCONV
mp-27726	S2O4	6	NOTCONV	6.954	2:NOTCONV
mp-27743	BiF5	6	NOTCONV	5.439	2:NOTCONV
mp-30053	Na2C2N2	6	NOTCONV	8.828	2:NOTCONV
mp-546118	NaClO4	6	NOTCONV	7.722	2:NOTCONV
mp-546794	Si2O4	6	NOTCONV	9.436	2:NOTCONV
mp-5479	RbAlF4	6	NOTCONV	12.073	2:NOTCONV
mp-569272	Cs4Se2	6	NOTCONV	3.813	2:NOTCONV
mp-571166	Ca2Br4	6	NOTCONV	6.983	2:NOTCONV
mp-626620	Rb2H2O2	6	NOTCONV	6.374	2:NOTCONV
mp-644607	C2O4	6	NOTCONV	10.259	2:NOTCONV
mp-7	S6	6	NOTCONV	4.578	2:NOTCONV
mp-7723	NaAlF4	6	NOTCONV	10.848	2:NOTCONV
mp-7849	AlAsO4	6	NOTCONV	8.015	2:NOTCONV
mp-1077904	CdPb2Cl2O2	7	NOTCONV	4.041	2:NOTCONV
mp-15157	Cs2CaF4	7	NOTCONV	9.865	2:NOTCONV
mp-22934	K2PtCl4	7	NOTCONV	4.820	2:NOTCONV
mp-22937	Na4I2O	7	NOTCONV	4.623	2:NOTCONV
mp-28591	Na4HgP2	7	NOTCONV	2.105	2:NOTCONV
mp-28627	K4Br2O	7	NOTCONV	3.387	2:NOTCONV
mp-30004	Rb4Br2O	7	NOTCONV	6.363	2:NOTCONV
mp-31212	K2MgF4	7	NOTCONV	9.698	2:NOTCONV
mp-3376	Sr2SnO4	7	NOTCONV	5.217	2:NOTCONV
mp-549308	LiGeBO4	7	NOTCONV	5.664	2:NOTCONV
mp-5532	Sr2TiO4	7	NOTCONV	4.256	2:NOTCONV
mp-570097	SrLi4P2	7	NOTCONV	2.273	2:NOTCONV
mp-570572	C3N4	7	NOTCONV	3.917	2:NOTCONV
mp-571518	WCl6	7	NOTCONV	3.955	2:NOTCONV
mp-697133	Cs2CaH4	7	NOTCONV	5.126	2:NOTCONV
mp-7863	Rb2Sn2O3	7	NOTCONV	2.456	2:NOTCONV
mp-8335	Ba2ZrO4	7	NOTCONV	5.353	2:NOTCONV
mp-8682	Ca2SiO4	7	NOTCONV	7.360	2:NOTCONV
mp-8873	LiGeBO4	7	NOTCONV	7.870	2:NOTCONV
mp-8962	Rb2HgF4	7	NOTCONV	4.407	2:NOTCONV
mp-8963	Cs2HgF4	7	NOTCONV	4.308	2:NOTCONV
mp-9872	K4BeP2	7	NOTCONV	1.652	2:NOTCONV
mp-1078191	Ba4Te2O2	8	NOTCONV	2.998	2:NOTCONV
mp-1078300	Sc2F6	8	NOTCONV	11.950	2:NOTCONV
mp-1079156	Ag2Cl2O4	8	NOTCONV	4.182	2:NOTCONV
mp-1079483	LiAuF6	8	NOTCONV	5.970	2:NOTCONV
mp-1080679	LiTaF6	8	NOTCONV	9.004	2:NOTCONV
mp-1087215	NaAsF6	8	NOTCONV	13.946	2:NOTCONV
mp-1095181	N6Cl2	8	NOTCONV	7.722	2:NOTCONV
mp-11980	CsNbF6	8	NOTCONV	9.140	2:NOTCONV
mp-13610	ZnPbF6	8	NOTCONV	4.459	2:NOTCONV
mp-13903	ZnSnF6	8	NOTCONV	7.444	2:NOTCONV
mp-13907	CdSnF6	8	NOTCONV	5.440	2:NOTCONV
mp-13983	ZnPdF6	8	NOTCONV	4.527	2:NOTCONV
mp-13984	CdPdF6	8	NOTCONV	4.568	2:NOTCONV
mp-14232	Li2B2O4	8	NOTCONV	10.714	2:NOTCONV
mp-1880	Sb2F6	8	NOTCONV	7.190	2:NOTCONV
mp-19052	K3VO4	8	NOTCONV	6.174	2:NOTCONV
mp-19734	MgPbF6	8	NOTCONV	1.764	2:NOTCONV
mp-20343	Na2Au2O4	8	NOTCONV	6.636	2:NOTCONV
mp-20463	CaPbF6	8	NOTCONV	10.267	2:NOTCONV
mp-23184	B2Cl6	8	NOTCONV	8.820	2:NOTCONV
mp-23218	As2I6	8	NOTCONV	2.692	2:NOTCONV
mp-23807	Al2H2O4	8	NOTCONV	8.420	2:NOTCONV
mp-24066	Sr2H2Cl2O2	8	NOTCONV	5.543	2:NOTCONV
mp-2437	Ir2F6	8	NOTCONV	4.511	2:NOTCONV
mp-24428	K2H4N2	8	NOTCONV	4.964	2:NOTCONV
mp-24668	Cs2H2F4	8	NOTCONV	10.454	2:NOTCONV
mp-25	N8	8	NOTCONV	13.343	2:NOTCONV
mp-27420	NaBiF6	8	NOTCONV	6.913	2:NOTCONV
mp-27422	CsBiF6	8	NOTCONV	7.472	2:NOTCONV
mp-27455	Y2Cl6	8	NOTCONV	7.773	2:NOTCONV
mp-2918	Y2Cu2O4	8	NOTCONV	3.744	2:NOTCONV
mp-29504	Cl4F4	8	NOTCONV	5.704	2:NOTCONV
mp-30952	Ga2Cl6	8	NOTCONV	7.682	2:NOTCONV
mp-3098	Al2Cu2O4	8	NOTCONV	3.807	2:NOTCONV
mp-3104	Ba2Zr2N4	8	NOTCONV	2.449	2:NOTCONV
mp-3595	Zn2Si2As4	8	NOTCONV	1.733	2:NOTCONV
mp-3980	LiSbF6	8	NOTCONV	10.206	2:NOTCONV
mp-3982	K2Cu2O4	8	NOTCONV	3.810	2:NOTCONV
mp-4175	Zn2Sn2P4	8	NOTCONV	1.579	2:NOTCONV
mp-4782	CaSnF6	8	NOTCONV	9.930	2:NOTCONV
mp-510273	Cs2Sb2O4	8	NOTCONV	4.372	2:NOTCONV
mp-510421	Cr2O6	8	NOTCONV	4.011	2:NOTCONV
mp-541226	CsBrF6	8	NOTCONV	8.199	2:NOTCONV
mp-542772	Cs2Ag2Cl4	8	NOTCONV	4.552	2:NOTCONV
mp-560008	P2N2F4	8	NOTCONV	9.210	2:NOTCONV
mp-5840	Li2Sc2O4	8	NOTCONV	13.062	2:NOTCONV
mp-588	Ga2F6	8	NOTCONV	7.843	2:NOTCONV
mp-5955	NaSbF6	8	NOTCONV	8.169	2:NOTCONV
mp-6070	Ag2C2N2O2	8	NOTCONV	4.719	2:NOTCONV
mp-623024	TiCdF6	8	NOTCONV	7.681	2:NOTCONV
mp-6949	In2F6	8	NOTCONV	7.064	2:NOTCONV
mp-7472	Rb2Au2O4	8	NOTCONV	6.837	2:NOTCONV
mp-7569	KAsF6	8	NOTCONV	11.056	2:NOTCONV
mp-7589	Mg4N2F2	8	NOTCONV	4.988	2:NOTCONV
mp-7921	MgPdF6	8	NOTCONV	5.364	2:NOTCONV
mp-7922	CaPdF6	8	NOTCONV	6.114	2:NOTCONV
mp-8224	CaSnF6	8	NOTCONV	10.688	2:NOTCONV
mp-8256	ZnPtF6	8	NOTCONV	5.572	2:NOTCONV
mp-8290	BaSnF6	8	NOTCONV	9.619	2:NOTCONV
mp-8291	BaTiF6	8	NOTCONV	8.599	2:NOTCONV
mp-867515	Na2Co2O4	8	NOTCONV	3.647	2:NOTCONV
mp-9143	LiPF6	8	NOTCONV	16.996	2:NOTCONV
mp-9821	RbSbF6	8	NOTCONV	10.059	2:NOTCONV
mp-22905	LiCl	2	GOOD	9.384	3:DRIFT:-0.09
mp-22913	CuBr	2	GOOD	2.410	3:DRIFT:+0.09
mp-23870	NaH	2	GOOD	6.732	3:DRIFT:-0.09
mp-1018141	BaC2	3	GOOD	3.254	3:DRIFT:+0.09
mp-23162	ZrCl2	3	GOOD	1.882	3:DRIFT:+0.09
mp-2630	SrC2	3	GOOD	3.833	3:DRIFT:-0.09
mp-570259	MgCl2	3	GOOD	8.381	3:DRIFT:-0.10
mp-8177	HgF2	3	GOOD	3.676	3:DRIFT:+0.10
mp-1018033	AgRhO2	4	GOOD	1.557	3:DRIFT:+0.09
mp-10422	NaAuC2	4	GOOD	2.969	3:DRIFT:-0.09
mp-1063670	Pb2Se2	4	GOOD	1.364	3:DRIFT:+0.09
mp-10694	ScF3	4	GOOD	11.653	3:DRIFT:+0.09
mp-14116	CuRhO2	4	GOOD	1.936	3:DRIFT:-0.09
mp-20289	NaInS2	4	GOOD	3.027	3:DRIFT:+0.09
mp-22894	Ag2I2	4	GOOD	3.087	3:DRIFT:+0.09
mp-23153	I4	4	GOOD	2.147	3:DRIFT:-0.09
mp-23227	Cu2Br2	4	GOOD	2.336	3:DRIFT:+0.09
mp-561320	Pb2S2	4	GOOD	4.120	3:DRIFT:-0.10
mp-570858	Ag2Cl2	4	GOOD	2.279	3:DRIFT:+0.10
mp-571454	LiAgC2	4	GOOD	3.287	3:DRIFT:-0.09
mp-571636	In2Cl2	4	GOOD	2.467	3:DRIFT:-0.09
mp-665922	SrHgO2	4	GOOD	3.470	3:DRIFT:-0.08
mp-999448	NaYSe2	4	GOOD	3.107	3:DRIFT:+0.10
mp-23037	CsPbCl3	5	GOOD	3.769	3:DRIFT:-0.08
mp-2706	SnF4	5	GOOD	7.305	3:DRIFT:-0.09
mp-3323	SrZrO3	5	GOOD	5.498	3:DRIFT:+0.08
mp-3614	KTaO3	5	GOOD	3.996	3:DRIFT:+0.09
mp-4255	BaCu2S2	5	GOOD	1.523	3:DRIFT:-0.09
mp-541837	Bi2Se3	5	GOOD	0.715	3:DRIFT:-0.10
mp-552729	KIO3	5	GOOD	4.549	3:DRIFT:-0.10
mp-561947	CsHgF3	5	GOOD	3.431	3:DRIFT:+0.10
mp-570231	CsCdBr3	5	GOOD	2.782	3:DRIFT:+0.09
mp-9610	Li2CN2	5	GOOD	5.858	3:DRIFT:+0.09
mp-1018809	Mo2S4	6	GOOD	1.990	3:DRIFT:-0.09
mp-1071269	Hg3Te3	6	GOOD	1.164	3:DRIFT:+0.08
mp-1071955	AlPS4	6	GOOD	4.804	3:DRIFT:+0.08
mp-23214	Ca2Cl4	6	GOOD	8.383	3:DRIFT:-0.09
mp-23861	Ba2H2Cl2	6	GOOD	5.909	3:DRIFT:+0.09
mp-4359	Sr2PdO3	6	GOOD	2.610	3:DRIFT:-0.09
mp-546279	Sc2Br2O2	6	GOOD	6.344	3:DRIFT:+0.08
mp-552120	Y2Cl2O2	6	GOOD	6.501	3:DRIFT:-0.09
mp-567484	Pt2Cl4	6	GOOD	3.226	3:DRIFT:-0.10
mp-569017	Pd2I4	6	GOOD	1.892	3:DRIFT:-0.08
mp-613652	Pb2Cl2F2	6	GOOD	5.840	3:DRIFT:+0.08
mp-730189	C2Br2N2	6	GOOD	8.291	3:DRIFT:-0.09
mp-8453	Rb2Na2O2	6	GOOD	4.741	3:DRIFT:+0.09
mp-9845	Rb2Ca2As2	6	GOOD	2.437	3:DRIFT:-0.10
mp-20098	Ba2PbO4	7	GOOD	2.572	3:DRIFT:+0.10
mp-27207	K2MgCl4	7	GOOD	7.965	3:DRIFT:+0.09
mp-27243	K2PtBr4	7	GOOD	3.968	3:DRIFT:-0.09
mp-29342	Ca3PCl3	7	GOOD	4.026	3:DRIFT:+0.09
mp-567655	Sr2CN2Cl2	7	GOOD	6.286	3:DRIFT:+0.09
mp-8861	Rb2MgF4	7	GOOD	10.584	3:DRIFT:-0.09
mp-1025549	Tl3VSe4	8	GOOD	2.330	3:DRIFT:+0.10
mp-23297	Br2F6	8	GOOD	5.760	3:DRIFT:+0.10
mp-23309	Sc2Cl6	8	GOOD	6.296	3:DRIFT:+0.09
mp-23364	Cs2Li2Cl4	8	GOOD	7.838	3:DRIFT:+0.09
mp-23803	Ga2H2O4	8	GOOD	5.849	3:DRIFT:+0.10
mp-3924	Li2Nb2O4	8	GOOD	2.797	3:DRIFT:+0.09
mp-5518	Ga2Ag2Se4	8	GOOD	1.554	3:DRIFT:-0.09
mp-558312	Li4O4	8	GOOD	5.613	3:DRIFT:-0.08
mp-569416	C8	8	GOOD	4.968	3:DRIFT:-0.08
mp-9921	Zr2S6	8	GOOD	2.410	3:DRIFT:+0.09
mp-1000	BaTe	2	GOOD	2.933	4:GOOD
mp-10013	SnS	2	GOOD	0.549	4:GOOD
mp-10044	BAs	2	GOOD	1.867	4:GOOD
mp-1009129	MgO	2	GOOD	6.122	4:GOOD
mp-1056920	CsI	2	GOOD	5.748	4:GOOD
mp-1057286	CsH	2	GOOD	4.596	4:GOOD
mp-10627	SrS	2	GOOD	3.326	4:GOOD
mp-10653	SrTe	2	GOOD	1.363	4:GOOD
mp-10680	BaSe	2	GOOD	2.751	4:GOOD
mp-10695	ZnS	2	GOOD	3.677	4:GOOD
mp-10759	GeSe	2	GOOD	0.195	4:GOOD
mp-10760	MgSe	2	GOOD	3.255	4:GOOD
mp-1138	LiF	2	GOOD	13.483	4:GOOD
mp-1190	ZnSe	2	GOOD	2.729	4:GOOD
mp-1265	MgO	2	GOOD	8.326	4:GOOD
mp-1315	MgS	2	GOOD	4.516	4:GOOD
mp-1330	AlN	2	GOOD	6.387	4:GOOD
mp-1479	BP	2	GOOD	2.063	4:GOOD
mp-149	Si2	2	GOOD	1.199	4:GOOD
mp-1541	BeSe	2	GOOD	3.935	4:GOOD
mp-1550	AlP	2	GOOD	2.490	4:GOOD
mp-16364	SnTe	2	GOOD	0.304	4:GOOD
mp-1639	BN	2	GOOD	6.250	4:GOOD
mp-1672	CaS	2	GOOD	4.385	4:GOOD
mp-1794	BeO	2	GOOD	11.369	4:GOOD
mp-1876	SnS	2	GOOD	0.789	4:GOOD
mp-1883	SnTe	2	GOOD	0.366	4:GOOD
mp-19717	TePb	2	GOOD	1.101	4:GOOD
mp-20351	InP	2	GOOD	1.230	4:GOOD
mp-2064	RbF	2	GOOD	10.276	4:GOOD
mp-2114	YN	2	GOOD	0.997	4:GOOD
mp-21276	PbS	2	GOOD	0.752	4:GOOD
mp-2172	AlAs	2	GOOD	2.216	4:GOOD
mp-2176	ZnTe	2	GOOD	2.434	4:GOOD
mp-2201	PbSe	2	GOOD	0.722	4:GOOD
mp-2229	ZnO	2	GOOD	2.744	4:GOOD
mp-22851	NaCl	2	GOOD	6.790	4:GOOD
mp-22862	NaCl	2	GOOD	8.346	4:GOOD
mp-22875	TlBr	2	GOOD	3.066	4:GOOD
mp-22895	CuI	2	GOOD	2.857	4:GOOD
mp-22899	LiI	2	GOOD	6.218	4:GOOD
mp-22914	CuCl	2	GOOD	2.727	4:GOOD
mp-22916	NaBr	2	GOOD	7.077	4:GOOD
mp-22919	AgI	2	GOOD	1.957	4:GOOD
mp-22922	AgCl	2	GOOD	2.916	4:GOOD
mp-22925	AgI	2	GOOD	3.013	4:GOOD
mp-23167	TlCl	2	GOOD	3.481	4:GOOD
mp-23193	KCl	2	GOOD	8.191	4:GOOD
mp-23231	AgBr	2	GOOD	2.439	4:GOOD
mp-23259	LiBr	2	GOOD	7.595	4:GOOD
mp-23268	NaI	2	GOOD	5.908	4:GOOD
mp-23289	KCl	2	GOOD	7.763	4:GOOD
mp-23703	LiH	2	GOOD	5.546	4:GOOD
mp-24084	KH	2	GOOD	6.325	4:GOOD
mp-2469	CdS	2	GOOD	2.336	4:GOOD
mp-2472	SrO	2	GOOD	5.428	4:GOOD
mp-24721	RbH	2	GOOD	5.431	4:GOOD
mp-2490	GaP	2	GOOD	2.291	4:GOOD
mp-252	BeTe	2	GOOD	2.881	4:GOOD
mp-2534	GaAs	2	GOOD	1.044	4:GOOD
mp-2612	GeTe	2	GOOD	0.441	4:GOOD
mp-2624	AlSb	2	GOOD	1.888	4:GOOD
mp-2691	CdSe	2	GOOD	1.736	4:GOOD
mp-2693	SnSe	2	GOOD	0.789	4:GOOD
mp-2853	GaN	2	GOOD	1.507	4:GOOD
mp-370	CdS	2	GOOD	1.329	4:GOOD
mp-406	CdTe	2	GOOD	1.664	4:GOOD
mp-422	BeS	2	GOOD	4.580	4:GOOD
mp-463	KF	2	GOOD	10.516	4:GOOD
mp-568560	TlBr	2	GOOD	3.726	4:GOOD
mp-570354	CuBr	2	GOOD	1.925	4:GOOD
mp-571102	TlI	2	GOOD	3.252	4:GOOD
mp-571386	CuCl	2	GOOD	2.324	4:GOOD
mp-632291	H2	2	GOOD	14.632	4:GOOD
mp-66	C2	2	GOOD	5.808	4:GOOD
mp-685145	BN	2	GOOD	5.871	4:GOOD
mp-8062	SiC	2	GOOD	2.342	4:GOOD
mp-8454	KF	2	GOOD	10.544	4:GOOD
mp-938	GeTe	2	GOOD	0.662	4:GOOD
mp-1006878	BaO2	3	GOOD	5.013	4:GOOD
mp-1008601	ZrAg2	3	GOOD	0.045	4:GOOD
mp-1008680	TiGePt	3	GOOD	1.228	4:GOOD
mp-10161	KZnSb	3	GOOD	1.396	4:GOOD
mp-10182	LiZnP	3	GOOD	1.931	4:GOOD
mp-1022	K2S	3	GOOD	4.344	4:GOOD
mp-1029	BaF2	3	GOOD	10.621	4:GOOD
mp-10614	SrLiP	3	GOOD	1.583	4:GOOD
mp-10615	BaLiP	3	GOOD	1.490	4:GOOD
mp-10616	BaLiAs	3	GOOD	1.402	4:GOOD
mp-1062030	TiS2	3	GOOD	2.321	4:GOOD
mp-1062676	K2Pt	3	GOOD	3.046	4:GOOD
mp-1115	PtSe2	3	GOOD	0.866	4:GOOD
mp-11390	LiGaSi	3	GOOD	0.531	4:GOOD
mp-11520	YNiSb	3	GOOD	0.602	4:GOOD
mp-1153	Li2S	3	GOOD	5.254	4:GOOD
mp-1170	SnS2	3	GOOD	2.701	4:GOOD
mp-1186	ZrS2	3	GOOD	2.171	4:GOOD
mp-11869	HfSnPd	3	GOOD	0.440	4:GOOD
mp-12558	LiMgAs	3	GOOD	2.286	4:GOOD
mp-1266	Na2Se	3	GOOD	4.170	4:GOOD
mp-1367	Mg2Si	3	GOOD	0.635	4:GOOD
mp-14	Se3	3	GOOD	2.154	4:GOOD
mp-1434	MoS2	3	GOOD	1.712	4:GOOD
mp-1565	ZrO2	3	GOOD	5.299	4:GOOD
mp-1569	Be2C	3	GOOD	2.095	4:GOOD
mp-1735	BaC2	3	GOOD	3.872	4:GOOD
mp-19	Te3	3	GOOD	0.906	4:GOOD
mp-1960	Li2O	3	GOOD	8.076	4:GOOD
mp-20134	KCN	3	GOOD	8.686	4:GOOD
mp-2076	ZrSe2	3	GOOD	1.385	4:GOOD
mp-22689	ZrSnPd	3	GOOD	0.256	4:GOOD
mp-2286	Li2Se	3	GOOD	4.575	4:GOOD
mp-22893	PbI2	3	GOOD	3.492	4:GOOD
mp-22965	BiTeI	3	GOOD	1.880	4:GOOD
mp-23205	MgI2	3	GOOD	5.531	4:GOOD
mp-2352	Na2O	3	GOOD	4.988	4:GOOD
mp-241	CdF2	3	GOOD	6.418	4:GOOD
mp-2482	CaC2	3	GOOD	3.468	4:GOOD
mp-2530	Li2Te	3	GOOD	3.815	4:GOOD
mp-2741	CaF2	3	GOOD	11.041	4:GOOD
mp-2784	Na2Te	3	GOOD	3.809	4:GOOD
mp-28240	CSO	3	GOOD	8.442	4:GOOD
mp-28797	YHSe	3	GOOD	2.510	4:GOOD
mp-29196	AuCN	3	GOOD	3.877	4:GOOD
mp-30034	MgBr2	3	GOOD	6.955	4:GOOD
mp-30068	CIN	3	GOOD	7.710	4:GOOD
mp-30459	ScNiBi	3	GOOD	0.353	4:GOOD
mp-30460	YNiBi	3	GOOD	0.449	4:GOOD
mp-30847	TiSnPt	3	GOOD	1.059	4:GOOD
mp-31451	ZrCoBi	3	GOOD	1.153	4:GOOD
mp-31454	TaSbRu	3	GOOD	1.039	4:GOOD
mp-31455	VSbRu	3	GOOD	0.421	4:GOOD
mp-315	PbF2	3	GOOD	6.869	4:GOOD
mp-3161	LiAlSi	3	GOOD	0.481	4:GOOD
mp-3432	ScNiSb	3	GOOD	0.496	4:GOOD
mp-408	Mg2Ge	3	GOOD	0.648	4:GOOD
mp-4964	YSbPt	3	GOOD	0.617	4:GOOD
mp-510753	NiO2	3	GOOD	2.416	4:GOOD
mp-550893	HfO2	3	GOOD	5.679	4:GOOD
mp-567259	CdI2	3	GOOD	3.986	4:GOOD
mp-567636	VFeSb	3	GOOD	0.568	4:GOOD
mp-567677	GeI2	3	GOOD	3.115	4:GOOD
mp-569779	ScSbPd	3	GOOD	0.394	4:GOOD
mp-570213	LiMgBi	3	GOOD	1.362	4:GOOD
mp-5920	LiAlGe	3	GOOD	0.475	4:GOOD
mp-5967	TiCoSb	3	GOOD	1.310	4:GOOD
mp-617	PtO2	3	GOOD	2.986	4:GOOD
mp-634859	CaO2	3	GOOD	6.255	4:GOOD
mp-644272	HCN	3	GOOD	11.108	4:GOOD
mp-644385	HCN	3	GOOD	11.304	4:GOOD
mp-648	Na2S	3	GOOD	4.688	4:GOOD
mp-665	SnSe2	3	GOOD	1.484	4:GOOD
mp-7173	ScSbPt	3	GOOD	0.809	4:GOOD
mp-7188	Al2Os	3	GOOD	1.006	4:GOOD
mp-7575	LiZnN	3	GOOD	2.008	4:GOOD
mp-762	PtS2	3	GOOD	1.786	4:GOOD
mp-9124	LiZnAs	3	GOOD	1.685	4:GOOD
mp-924130	TiNiSn	3	GOOD	0.589	4:GOOD
mp-9437	NbFeSb	3	GOOD	0.803	4:GOOD
mp-9519	AgCN	3	GOOD	6.775	4:GOOD
mp-971	K2O	3	GOOD	3.836	4:GOOD
mp-981	SrF2	3	GOOD	10.638	4:GOOD
mp-985829	HfS2	3	GOOD	2.471	4:GOOD
mp-985831	HfSe2	3	GOOD	1.604	4:GOOD
mp-1007922	Cu2I2	4	GOOD	2.506	4:GOOD
mp-1008500	Ba2O2	4	GOOD	4.282	4:GOOD
mp-1008505	Ba2Pd2	4	GOOD	0.293	4:GOOD
mp-1008559	B2P2	4	GOOD	1.964	4:GOOD
mp-10102	KAgC2	4	GOOD	4.585	4:GOOD
mp-10159	K3Sb	4	GOOD	1.724	4:GOOD
mp-1018040	Mg2Se2	4	GOOD	4.468	4:GOOD
mp-1018094	BaGaSnH	4	GOOD	0.568	4:GOOD
mp-1018095	BaGaGeH	4	GOOD	0.687	4:GOOD
mp-1018096	Ba2NF	4	GOOD	2.112	4:GOOD
mp-1018099	Ba2NCl	4	GOOD	2.221	4:GOOD
mp-1018115	Pb2S2	4	GOOD	1.619	4:GOOD
mp-1018275	Ga2P2	4	GOOD	1.417	4:GOOD
mp-10378	Cs3Sb	4	GOOD	1.656	4:GOOD
mp-1039	Mg2Te2	4	GOOD	3.921	4:GOOD
mp-10421	RbAuC2	4	GOOD	4.079	4:GOOD
mp-10618	LiInSe2	4	GOOD	1.695	4:GOOD
mp-1065405	CsAuC2	4	GOOD	4.037	4:GOOD
mp-1065514	YTlTe2	4	GOOD	1.237	4:GOOD
mp-1066400	NaN3	4	GOOD	6.712	4:GOOD
mp-1066781	Br2Cl2	4	GOOD	4.373	4:GOOD
mp-1067744	YTlSe2	4	GOOD	1.879	4:GOOD
mp-1070	Cd2Se2	4	GOOD	1.776	4:GOOD
mp-11180	Na2C2	4	GOOD	6.236	4:GOOD
mp-11342	Ga2Se2	4	GOOD	2.583	4:GOOD
mp-12779	Cd2Te2	4	GOOD	1.723	4:GOOD
mp-12908	ScAgSe2	4	GOOD	1.714	4:GOOD
mp-13313	ScTlSe2	4	GOOD	1.169	4:GOOD
mp-13314	ScTlTe2	4	GOOD	0.683	4:GOOD
mp-1378	Li2C2	4	GOOD	5.777	4:GOOD
mp-1379	Sn2S2	4	GOOD	1.917	4:GOOD
mp-14115	LiRhO2	4	GOOD	3.136	4:GOOD
mp-1525634	I4	4	GOOD	2.138	4:GOOD
mp-157	P4	4	GOOD	0.747	4:GOOD
mp-15724	KNa2Sb	4	GOOD	1.814	4:GOOD
mp-15788	LiYS2	4	GOOD	2.991	4:GOOD
mp-15988	Li2CuSb	4	GOOD	0.945	4:GOOD
mp-16238	Li2AgSb	4	GOOD	0.828	4:GOOD
mp-165	Si4	4	GOOD	0.978	4:GOOD
mp-1933	Cu3N	4	GOOD	0.857	4:GOOD
mp-19390	WO3	4	GOOD	1.533	4:GOOD
mp-19921	Pb2O2	4	GOOD	2.414	4:GOOD
mp-19963	TiFe2Sn	4	GOOD	0.058	4:GOOD
mp-20162	InAgS2	4	GOOD	0.728	4:GOOD
mp-20526	Pb2S2	4	GOOD	3.238	4:GOOD
mp-2074	Li3Sb	4	GOOD	1.488	4:GOOD
mp-2097	Sn2O2	4	GOOD	0.782	4:GOOD
mp-2133	Zn2O2	4	GOOD	3.176	4:GOOD
mp-21405	In2Se2	4	GOOD	1.890	4:GOOD
mp-2168	Sn2Se2	4	GOOD	0.641	4:GOOD
mp-22009	Pb2Se2	4	GOOD	2.926	4:GOOD
mp-2251	Li3N	4	GOOD	2.468	4:GOOD
mp-22566	TlInS2	4	GOOD	1.451	4:GOOD
mp-22691	In2Se2	4	GOOD	1.280	4:GOOD
mp-22848	Cl4	4	GOOD	5.794	4:GOOD
mp-22858	Tl2I2	4	GOOD	3.182	4:GOOD
mp-22859	Hg2I2	4	GOOD	2.854	4:GOOD
mp-22863	Cu2I2	4	GOOD	3.033	4:GOOD
mp-22870	In2Br2	4	GOOD	2.032	4:GOOD
mp-22897	Hg2Cl2	4	GOOD	4.073	4:GOOD
mp-22917	Cu2Br2	4	GOOD	2.783	4:GOOD
mp-22990	CsICl2	4	GOOD	4.979	4:GOOD
mp-23009	Ca2BrN	4	GOOD	3.867	4:GOOD
mp-23033	Sr2NCl	4	GOOD	3.185	4:GOOD
mp-23154	Br4	4	GOOD	3.718	4:GOOD
mp-23177	Hg2Br2	4	GOOD	3.587	4:GOOD
mp-23202	In2I2	4	GOOD	2.136	4:GOOD
mp-23222	Li3Bi	4	GOOD	0.997	4:GOOD
mp-23301	BiF3	4	GOOD	6.400	4:GOOD
mp-24093	Cu2H2	4	GOOD	1.366	4:GOOD
mp-24199	LiHF2	4	GOOD	11.959	4:GOOD
mp-24504	H4	4	GOOD	15.709	4:GOOD
mp-2516584	C4	4	GOOD	2.400	4:GOOD
mp-2542	Be2O2	4	GOOD	10.963	4:GOOD
mp-2653	B2N2	4	GOOD	7.490	4:GOOD
mp-2659	LiN3	4	GOOD	6.495	4:GOOD
mp-27418	KAuO2	4	GOOD	3.462	4:GOOD
mp-27438	TlBiTe2	4	GOOD	0.642	4:GOOD
mp-27869	Ba2PCl	4	GOOD	2.424	4:GOOD
mp-2793	Au2Se2	4	GOOD	0.627	4:GOOD
mp-28554	Ca2AsI	4	GOOD	2.843	4:GOOD
mp-28650	CsBr2F	4	GOOD	4.717	4:GOOD
mp-288	Pt2S2	4	GOOD	1.199	4:GOOD
mp-29266	Cs2S2	4	GOOD	3.900	4:GOOD
mp-2964	NaNO2	4	GOOD	6.964	4:GOOD
mp-29643	CuAsSe2	4	GOOD	0.947	4:GOOD
mp-29662	TlBiSe2	4	GOOD	0.454	4:GOOD
mp-29678	AgBiS2	4	GOOD	0.972	4:GOOD
mp-29803	Si2H2	4	GOOD	3.784	4:GOOD
mp-29868	LiAuC2	4	GOOD	2.997	4:GOOD
mp-3748	AlCuO2	4	GOOD	3.336	4:GOOD
mp-380	Zn2Se2	4	GOOD	2.771	4:GOOD
mp-4280	GaCuO2	4	GOOD	2.083	4:GOOD
mp-4541	NaCuO2	4	GOOD	2.927	4:GOOD
mp-47	C4	4	GOOD	5.240	4:GOOD
mp-5077	NaLi2Sb	4	GOOD	1.424	4:GOOD
mp-545552	Sn2O2	4	GOOD	2.375	4:GOOD
mp-5475	NaTaN2	4	GOOD	2.299	4:GOOD
mp-554310	TlBiS2	4	GOOD	0.810	4:GOOD
mp-557835	Tl2F2	4	GOOD	4.725	4:GOOD
mp-558071	Rb2S2	4	GOOD	4.063	4:GOOD
mp-559676	Sn2S2	4	GOOD	0.847	4:GOOD
mp-560588	Zn2S2	4	GOOD	3.777	4:GOOD
mp-567809	Ag2I2	4	GOOD	2.930	4:GOOD
mp-568177	CaAlSiH	4	GOOD	1.031	4:GOOD
mp-568273	Li2I2	4	GOOD	6.230	4:GOOD
mp-568516	K3Bi	4	GOOD	0.948	4:GOOD
mp-568927	Ag2I2	4	GOOD	2.157	4:GOOD
mp-568949	Tl2Br2	4	GOOD	3.510	4:GOOD
mp-569346	Cu2I2	4	GOOD	2.828	4:GOOD
mp-569677	Sr2IN	4	GOOD	2.796	4:GOOD
mp-570301	Ag2Br2	4	GOOD	2.439	4:GOOD
mp-570485	SrAlSiH	4	GOOD	1.236	4:GOOD
mp-570538	NaN3	4	GOOD	7.222	4:GOOD
mp-570687	Ag2Cl2	4	GOOD	2.770	4:GOOD
mp-570747	N4	4	GOOD	13.238	4:GOOD
mp-570935	Li2I2	4	GOOD	6.605	4:GOOD
mp-571079	Tl2Cl2	4	GOOD	3.889	4:GOOD
mp-571093	BaAlSiH	4	GOOD	1.339	4:GOOD
mp-571555	In2Cl2	4	GOOD	2.183	4:GOOD
mp-581024	CsK2Sb	4	GOOD	2.023	4:GOOD
mp-5841	RbCuC2	4	GOOD	3.877	4:GOOD
mp-632229	H2Br2	4	GOOD	7.694	4:GOOD
mp-632326	H2Cl2	4	GOOD	9.265	4:GOOD
mp-635413	Cs3Bi	4	GOOD	1.067	4:GOOD
mp-661	Al2N2	4	GOOD	6.067	4:GOOD
mp-672	Cd2S2	4	GOOD	2.424	4:GOOD
mp-672233	N4	4	GOOD	13.718	4:GOOD
mp-672285	CuCSN	4	GOOD	3.291	4:GOOD
mp-690794	Sr2HN	4	GOOD	2.797	4:GOOD
mp-6980	ScCuS2	4	GOOD	1.970	4:GOOD
mp-7017	NaNbN2	4	GOOD	1.755	4:GOOD
mp-7140	Si2C2	4	GOOD	3.528	4:GOOD
mp-723629	Na2I2	4	GOOD	5.423	4:GOOD
mp-726184	Pb2S2	4	GOOD	3.737	4:GOOD
mp-727322	Sn2S2	4	GOOD	2.691	4:GOOD
mp-727323	Pb2S2	4	GOOD	3.231	4:GOOD
mp-7487	Ba2O2	4	GOOD	4.246	4:GOOD
mp-7885	AlAgS2	4	GOOD	2.866	4:GOOD
mp-7895	Rb2O2	4	GOOD	4.534	4:GOOD
mp-7896	Cs2O2	4	GOOD	3.947	4:GOOD
mp-7914	NaScO2	4	GOOD	6.530	4:GOOD
mp-7991	B2N2	4	GOOD	6.543	4:GOOD
mp-8002	LiGaO2	4	GOOD	4.747	4:GOOD
mp-804	Ga2N2	4	GOOD	3.291	4:GOOD
mp-8145	RbScO2	4	GOOD	5.414	4:GOOD
mp-8176	RbTlO2	4	GOOD	1.796	4:GOOD
mp-8188	KScO2	4	GOOD	6.217	4:GOOD
mp-8409	KYO2	4	GOOD	6.051	4:GOOD
mp-8781	Sn2S2	4	GOOD	3.030	4:GOOD
mp-8860	Na3As	4	GOOD	1.150	4:GOOD
mp-8927	TaCuN2	4	GOOD	1.203	4:GOOD
mp-8936	Sn2Se2	4	GOOD	1.952	4:GOOD
mp-9146	CdHgO2	4	GOOD	2.023	4:GOOD
mp-9158	LiCuO2	4	GOOD	2.319	4:GOOD
mp-9382	SrZrN2	4	GOOD	1.149	4:GOOD
mp-973185	ScAgO2	4	GOOD	3.516	4:GOOD
mp-978847	SrGaGeH	4	GOOD	1.128	4:GOOD
mp-980057	SrAlGeH	4	GOOD	1.440	4:GOOD
mp-984	B2N2	4	GOOD	6.543	4:GOOD
mp-999135	TaCuN2	4	GOOD	1.020	4:GOOD
mp-999265	RbYS2	4	GOOD	3.569	4:GOOD
mp-1017439	SrSiO3	5	GOOD	4.766	4:GOOD
mp-10175	KCdF3	5	GOOD	6.899	4:GOOD
mp-1017548	CaBe2P2	5	GOOD	1.663	4:GOOD
mp-1017552	Bi2O3	5	GOOD	1.866	4:GOOD
mp-1017565	In2Se3	5	GOOD	0.935	4:GOOD
mp-1017567	Hf2SN2	5	GOOD	2.079	4:GOOD
mp-1017628	MgBe2P2	5	GOOD	1.736	4:GOOD
mp-1018630	CaBe2As2	5	GOOD	1.488	4:GOOD
mp-10408	K2CN2	5	GOOD	5.608	4:GOOD
mp-10437	BaCu2Se2	5	GOOD	1.322	4:GOOD
mp-10550	SrMg2N2	5	GOOD	2.957	4:GOOD
mp-1068011	SrAlH3	5	GOOD	1.197	4:GOOD
mp-1068340	CsGeBr3	5	GOOD	2.559	4:GOOD
mp-1068813	K2Te2Pd	5	GOOD	1.589	4:GOOD
mp-1068941	K2PdS2	5	GOOD	2.621	4:GOOD
mp-1068977	K2PdC2	5	GOOD	2.859	4:GOOD
mp-1069193	PdN2Cl2	5	GOOD	1.229	4:GOOD
mp-1069533	Hf2SN2	5	GOOD	3.246	4:GOOD
mp-1069538	CsPbI3	5	GOOD	2.287	4:GOOD
mp-1069695	SrMg2Bi2	5	GOOD	1.340	4:GOOD
mp-1069706	K2PdSe2	5	GOOD	2.048	4:GOOD
mp-1069771	Rb2PdSe2	5	GOOD	2.188	4:GOOD
mp-1069819	SnN2F2	5	GOOD	3.609	4:GOOD
mp-1070099	CaGa2As2	5	GOOD	0.375	4:GOOD
mp-1070356	Rb2Te2Pd	5	GOOD	1.408	4:GOOD
mp-1070375	CsSnCl3	5	GOOD	1.994	4:GOOD
mp-1070498	Rb2Te2Pt	5	GOOD	2.093	4:GOOD
mp-10918	Rb2PdC2	5	GOOD	2.901	4:GOOD
mp-10919	Rb2PtC2	5	GOOD	2.359	4:GOOD
mp-11824	Ca3PN	5	GOOD	1.902	4:GOOD
mp-11917	MgBe2N2	5	GOOD	5.874	4:GOOD
mp-1201	Sb2Te3	5	GOOD	0.502	4:GOOD
mp-13146	Ca3N2	5	GOOD	2.400	4:GOOD
mp-1818	SiF4	5	GOOD	13.021	4:GOOD
mp-19845	TiPbO3	5	GOOD	2.722	4:GOOD
mp-20337	ZrPbO3	5	GOOD	3.964	4:GOOD
mp-20459	TiPbO3	5	GOOD	3.221	4:GOOD
mp-21043	RbPbF3	5	GOOD	5.717	4:GOOD
mp-22313	Na2PtO2	5	GOOD	3.806	4:GOOD
mp-22958	KBrO3	5	GOOD	6.975	4:GOOD
mp-22988	CsGeCl3	5	GOOD	3.844	4:GOOD
mp-22995	Ag3SI	5	GOOD	1.534	4:GOOD
mp-23737	KMgH3	5	GOOD	5.292	4:GOOD
mp-23818	BaLiH3	5	GOOD	4.329	4:GOOD
mp-23879	CaH2O2	5	GOOD	7.330	4:GOOD
mp-23949	RbCaH3	5	GOOD	6.243	4:GOOD
mp-24419	SrLiH3	5	GOOD	4.354	4:GOOD
mp-2646	Mg3Sb2	5	GOOD	0.855	4:GOOD
mp-27193	RbIO3	5	GOOD	4.955	4:GOOD
mp-27214	CsSnBr3	5	GOOD	1.473	4:GOOD
mp-27910	Bi2Te2S	5	GOOD	0.819	4:GOOD
mp-28166	K3BrO	5	GOOD	3.219	4:GOOD
mp-28171	K3IO	5	GOOD	3.167	4:GOOD
mp-28377	CsGeI3	5	GOOD	1.963	4:GOOD
mp-28602	Na3ClO	5	GOOD	5.014	4:GOOD
mp-28872	RbBrO3	5	GOOD	6.920	4:GOOD
mp-29208	CaMg2Bi2	5	GOOD	1.288	4:GOOD
mp-29209	BaMg2Bi2	5	GOOD	1.252	4:GOOD
mp-29666	Bi2Te2Se	5	GOOD	0.786	4:GOOD
mp-30055	Rb3BrO	5	GOOD	2.580	4:GOOD
mp-30056	CsCaBr3	5	GOOD	6.979	4:GOOD
mp-31149	Ca3BiN	5	GOOD	1.295	4:GOOD
mp-3136	NaNbO3	5	GOOD	2.836	4:GOOD
mp-31406	Bi2TeSe2	5	GOOD	1.403	4:GOOD
mp-3163	BaSnO3	5	GOOD	2.348	4:GOOD
mp-3216	Li2ZrN2	5	GOOD	2.990	4:GOOD
mp-34202	Bi2Te3	5	GOOD	0.868	4:GOOD
mp-3525	Sb2Te2Se	5	GOOD	0.355	4:GOOD
mp-3654	RbCaF3	5	GOOD	10.590	4:GOOD
mp-3834	BaZrO3	5	GOOD	5.330	4:GOOD
mp-4170	NaTaO3	5	GOOD	4.181	4:GOOD
mp-4342	KNbO3	5	GOOD	2.884	4:GOOD
mp-4366	Na2PtC2	5	GOOD	1.367	4:GOOD
mp-4405	Rb3AuO	5	GOOD	1.847	4:GOOD
mp-4551	SrHfO3	5	GOOD	6.141	4:GOOD
mp-4823	Na2PdC2	5	GOOD	2.115	4:GOOD
mp-5020	BaTiO3	5	GOOD	4.204	4:GOOD
mp-505824	Cs2PdC2	5	GOOD	3.120	4:GOOD
mp-505825	Cs2PtC2	5	GOOD	2.434	4:GOOD
mp-5229	SrTiO3	5	GOOD	3.597	4:GOOD
mp-5246	KNbO3	5	GOOD	3.460	4:GOOD
mp-540584	K2PdO2	5	GOOD	3.782	4:GOOD
mp-542112	CaZrO3	5	GOOD	5.436	4:GOOD
mp-546973	SrSnO3	5	GOOD	3.091	4:GOOD
mp-553875	Zr2SN2	5	GOOD	1.724	4:GOOD
mp-568544	CsCdCl3	5	GOOD	4.212	4:GOOD
mp-570008	Sr3BiN	5	GOOD	1.014	4:GOOD
mp-570223	CsGeBr3	5	GOOD	1.445	4:GOOD
mp-571436	SnI4	5	GOOD	3.359	4:GOOD
mp-571458	RbGeI3	5	GOOD	1.112	4:GOOD
mp-571550	Sb2TeSe2	5	GOOD	0.810	4:GOOD
mp-5777	BaTiO3	5	GOOD	3.973	4:GOOD
mp-5795	CaMg2N2	5	GOOD	3.593	4:GOOD
mp-5811	CsPbF3	5	GOOD	5.077	4:GOOD
mp-5827	CaTiO3	5	GOOD	3.820	4:GOOD
mp-5878	KZnF3	5	GOOD	8.192	4:GOOD
mp-5893	CaSiO3	5	GOOD	6.187	4:GOOD
mp-5986	BaTiO3	5	GOOD	3.387	4:GOOD
mp-600089	CsPbBr3	5	GOOD	3.103	4:GOOD
mp-614013	CsSnI3	5	GOOD	1.240	4:GOOD
mp-632808	BaLiH3	5	GOOD	3.459	4:GOOD
mp-644203	CsCaH3	5	GOOD	5.928	4:GOOD
mp-6920	KNO3	5	GOOD	7.369	4:GOOD
mp-7067	CaCd2As2	5	GOOD	0.938	4:GOOD
mp-7104	CsCaF3	5	GOOD	11.348	4:GOOD
mp-7223	Ca3AsN	5	GOOD	1.809	4:GOOD
mp-7375	KNbO3	5	GOOD	3.669	4:GOOD
mp-7430	CaCd2Sb2	5	GOOD	0.801	4:GOOD
mp-7482	RbHgF3	5	GOOD	3.425	4:GOOD
mp-7608	Li2PdO2	5	GOOD	3.538	4:GOOD
mp-7752	Sr3SbN	5	GOOD	1.064	4:GOOD
mp-7770	SrZn2As2	5	GOOD	1.243	4:GOOD
mp-7771	SrCd2As2	5	GOOD	0.875	4:GOOD
mp-7928	K2PtS2	5	GOOD	2.877	4:GOOD
mp-7929	Rb2PtS2	5	GOOD	2.756	4:GOOD
mp-7986	CaSnO3	5	GOOD	3.923	4:GOOD
mp-8276	SrZn2P2	5	GOOD	1.558	4:GOOD
mp-8277	SrCd2P2	5	GOOD	1.402	4:GOOD
mp-8278	BaMg2P2	5	GOOD	2.095	4:GOOD
mp-8279	BaCd2P2	5	GOOD	1.307	4:GOOD
mp-8280	BaMg2As2	5	GOOD	2.005	4:GOOD
mp-8281	BaCd2As2	5	GOOD	0.849	4:GOOD
mp-8397	CsSrF3	5	GOOD	10.306	4:GOOD
mp-8399	CsCdF3	5	GOOD	6.983	4:GOOD
mp-8401	CsMgF3	5	GOOD	10.821	4:GOOD
mp-8402	RbMgF3	5	GOOD	12.007	4:GOOD
mp-8579	BaAg2S2	5	GOOD	1.976	4:GOOD
mp-8612	Sb2TeSe2	5	GOOD	0.733	4:GOOD
mp-8621	K2PtSe2	5	GOOD	2.414	4:GOOD
mp-8622	Rb2PtSe2	5	GOOD	2.405	4:GOOD
mp-8623	K2Te2Pt	5	GOOD	1.855	4:GOOD
mp-863260	SrMg2As2	5	GOOD	2.229	4:GOOD
mp-865185	MgBe2As2	5	GOOD	1.376	4:GOOD
mp-9200	K3AuO	5	GOOD	2.167	4:GOOD
mp-9306	Sr2ZnN2	5	GOOD	1.634	4:GOOD
mp-935811	KNbO3	5	GOOD	2.662	4:GOOD
mp-9514	MgAl2C2	5	GOOD	2.573	4:GOOD
mp-9564	CaMg2As2	5	GOOD	2.251	4:GOOD
mp-9565	CaMg2Sb2	5	GOOD	1.625	4:GOOD
mp-9566	SrMg2Sb2	5	GOOD	1.773	4:GOOD
mp-9567	BaMg2Sb2	5	GOOD	1.672	4:GOOD
mp-9569	CaZn2P2	5	GOOD	1.693	4:GOOD
mp-9570	CaCd2P2	5	GOOD	1.504	4:GOOD
mp-9571	CaZn2As2	5	GOOD	1.396	4:GOOD
mp-976876	K2PtC2	5	GOOD	2.120	4:GOOD
mp-10074	Ge2Se4	6	GOOD	2.875	4:GOOD
mp-10086	Y2S2F2	6	GOOD	2.758	4:GOOD
mp-1018651	Ba2H3I	6	GOOD	4.108	4:GOOD
mp-1018721	Hf2O4	6	GOOD	6.865	4:GOOD
mp-1018722	Hg3Se3	6	GOOD	1.808	4:GOOD
mp-1018736	K2Cd2As2	6	GOOD	0.898	4:GOOD
mp-1018737	K2Mg2P2	6	GOOD	2.851	4:GOOD
mp-1018807	Mo2Se4	6	GOOD	1.965	4:GOOD
mp-1018888	Pd2Cl4	6	GOOD	3.604	4:GOOD
mp-1018891	Pd2Cl4	6	GOOD	2.416	4:GOOD
mp-1019089	K2Mg2As2	6	GOOD	2.343	4:GOOD
mp-1019105	K2Mg2Bi2	6	GOOD	1.290	4:GOOD
mp-1019258	Sr2F4	6	GOOD	9.640	4:GOOD
mp-1019322	Te4W2	6	GOOD	1.679	4:GOOD
mp-1019888	KNa2BN2	6	GOOD	3.865	4:GOOD
mp-10219	Y2O2F2	6	GOOD	7.585	4:GOOD
mp-10293	Ba2C4	6	GOOD	4.393	4:GOOD
mp-10485	Ba2Li2Sb2	6	GOOD	1.618	4:GOOD
mp-10667	Sr2Ag2P2	6	GOOD	0.837	4:GOOD
mp-1071032	Ge2S4	6	GOOD	2.817	4:GOOD
mp-1071319	Zn3Te3	6	GOOD	1.104	4:GOOD
mp-1071625	C2Se4	6	GOOD	4.579	4:GOOD
mp-1072104	Ge2O4	6	GOOD	3.849	4:GOOD
mp-1072399	Be5Pt	6	GOOD	0.355	4:GOOD
mp-1072429	Ga4Ru2	6	GOOD	0.443	4:GOOD
mp-1072589	Cu2GeS3	6	GOOD	0.477	4:GOOD
mp-1072956	Mg2F4	6	GOOD	12.419	4:GOOD
mp-1077078	K2C2N2	6	GOOD	8.964	4:GOOD
mp-1077098	Hg6	6	GOOD	1.794	4:GOOD
mp-1077107	Hg3O3	6	GOOD	2.599	4:GOOD
mp-1077383	Cs2Au2S2	6	GOOD	3.509	4:GOOD
mp-1077811	Cu2Ag2S2	6	GOOD	1.378	4:GOOD
mp-1077814	Cs4S2	6	GOOD	3.783	4:GOOD
mp-1077906	C2O4	6	GOOD	10.089	4:GOOD
mp-10910	Al4Ru2	6	GOOD	0.462	4:GOOD
mp-1179094	Sr2H4	6	GOOD	3.284	4:GOOD
mp-1179443	Si2Se4	6	GOOD	3.711	4:GOOD
mp-1205316	Ba2Ag2Sb2	6	GOOD	0.691	4:GOOD
mp-1205322	Ca2H4	6	GOOD	2.792	4:GOOD
mp-12433	Na2Sn2N2	6	GOOD	1.814	4:GOOD
mp-12557	Sr2Cu2As2	6	GOOD	0.528	4:GOOD
mp-1285	Pt2O4	6	GOOD	1.679	4:GOOD
mp-13097	Na2Zn2As2	6	GOOD	1.376	4:GOOD
mp-13276	Sr2Li2P2	6	GOOD	2.350	4:GOOD
mp-13277	Ba2Li2P2	6	GOOD	1.890	4:GOOD
mp-13548	Cs4Pt2	6	GOOD	3.103	4:GOOD
mp-1413	P4Ru2	6	GOOD	0.822	4:GOOD
mp-147	Se6	6	GOOD	2.555	4:GOOD
mp-1492	Cd3Te3	6	GOOD	0.728	4:GOOD
mp-1522	Fe2S4	6	GOOD	1.294	4:GOOD
mp-1541909	Cs2Te2Au2	6	GOOD	2.722	4:GOOD
mp-1575	Ca2C4	6	GOOD	4.290	4:GOOD
mp-1602	Si2S4	6	GOOD	4.901	4:GOOD
mp-16236	K2Ag2Se2	6	GOOD	1.654	4:GOOD
mp-1634	Mo2Se4	6	GOOD	1.748	4:GOOD
mp-1821	W2Se4	6	GOOD	2.042	4:GOOD
mp-1950	Sr2S4	6	GOOD	3.001	4:GOOD
mp-19880	Fe2Te4	6	GOOD	0.387	4:GOOD
mp-20027	Fe2P4	6	GOOD	0.636	4:GOOD
mp-2008	Fe2As4	6	GOOD	0.420	4:GOOD
mp-20790	InPS4	6	GOOD	3.850	4:GOOD
mp-20928	Sb4Ru2	6	GOOD	0.251	4:GOOD
mp-2150	Ba2Te4	6	GOOD	1.480	4:GOOD
mp-2232	C2S4	6	GOOD	6.623	4:GOOD
mp-224	W2S4	6	GOOD	2.219	4:GOOD
mp-22888	Ca2Br4	6	GOOD	7.146	4:GOOD
mp-22909	Zn2Cl4	6	GOOD	6.935	4:GOOD
mp-22935	Cs2Br2F2	6	GOOD	5.400	4:GOOD
mp-22939	Bi2Cl2O2	6	GOOD	3.728	4:GOOD
mp-22945	Te2Rh2Cl2	6	GOOD	1.586	4:GOOD
mp-22951	Ba2I2F2	6	GOOD	6.112	4:GOOD
mp-22957	Sr2Cl2F2	6	GOOD	8.661	4:GOOD
mp-22964	Pb2Cl2F2	6	GOOD	5.188	4:GOOD
mp-22969	Pb2I2F2	6	GOOD	3.374	4:GOOD
mp-22987	Bi2I2O2	6	GOOD	2.557	4:GOOD
mp-23008	Pb2Br2F2	6	GOOD	4.016	4:GOOD
mp-23024	Sr2Br2F2	6	GOOD	7.638	4:GOOD
mp-23070	Ba2Br2F2	6	GOOD	7.430	4:GOOD
mp-23072	Bi2Br2O2	6	GOOD	3.264	4:GOOD
mp-23074	Bi2O2F2	6	GOOD	4.999	4:GOOD
mp-23173	Hg2I4	6	GOOD	3.849	4:GOOD
mp-2319	P4Os2	6	GOOD	1.092	4:GOOD
mp-23192	Hg2I4	6	GOOD	2.599	4:GOOD
mp-23267	Be2Cl4	6	GOOD	9.431	4:GOOD
mp-23292	Hg2Br4	6	GOOD	4.490	4:GOOD
mp-23432	Ba2Cl2F2	6	GOOD	8.347	4:GOOD
mp-23710	Mg2H4	6	GOOD	6.542	4:GOOD
mp-23759	Sr2H4	6	GOOD	3.338	4:GOOD
mp-23859	Ca2H2Cl2	6	GOOD	6.441	4:GOOD
mp-23860	Sr2H2Cl2	6	GOOD	6.385	4:GOOD
mp-23862	Ba2H2I2	6	GOOD	4.654	4:GOOD
mp-24204	Ca2H2I2	6	GOOD	5.406	4:GOOD
mp-24205	Sr2H2I2	6	GOOD	5.388	4:GOOD
mp-24422	Ca2H2Br2	6	GOOD	6.632	4:GOOD
mp-24423	Sr2H2Br2	6	GOOD	5.852	4:GOOD
mp-24424	Ba2H2Br2	6	GOOD	5.356	4:GOOD
mp-2455	As4Os2	6	GOOD	1.002	4:GOOD
mp-24809	Ca2H4	6	GOOD	2.765	4:GOOD
mp-2574	Zr2O4	6	GOOD	6.232	4:GOOD
mp-267	Te4Ru2	6	GOOD	0.685	4:GOOD
mp-2695	Sb4Os2	6	GOOD	0.638	4:GOOD
mp-27484	Tl4O2	6	GOOD	1.157	4:GOOD
mp-27502	C2N2Cl2	6	GOOD	9.170	4:GOOD
mp-27546	Ca2Cl2F2	6	GOOD	9.075	4:GOOD
mp-27702	In2Cl2O2	6	GOOD	4.507	4:GOOD
mp-27703	In2Br2O2	6	GOOD	3.969	4:GOOD
mp-27724	BPS4	6	GOOD	4.128	4:GOOD
mp-27754	WCl4O	6	GOOD	3.883	4:GOOD
mp-27849	Ti2Br2N2	6	GOOD	1.791	4:GOOD
mp-27850	Ti2N2Cl2	6	GOOD	1.948	4:GOOD
mp-27863	Al2Cl2O2	6	GOOD	8.935	4:GOOD
mp-27934	Cd2Br4	6	GOOD	4.957	4:GOOD
mp-27989	C2Br2N2	6	GOOD	8.516	4:GOOD
mp-28051	Sb2Te2I2	6	GOOD	1.411	4:GOOD
mp-2815	Mo2S4	6	GOOD	2.189	4:GOOD
mp-28248	Cd2I4	6	GOOD	3.942	4:GOOD
mp-28260	WBr4O	6	GOOD	2.756	4:GOOD
mp-28266	P4Pd2	6	GOOD	0.759	4:GOOD
mp-28944	Bi2Te2Cl2	6	GOOD	2.277	4:GOOD
mp-29055	K2Sb4	6	GOOD	0.721	4:GOOD
mp-29149	Li4NCl	6	GOOD	3.362	4:GOOD
mp-29403	GaCuI4	6	GOOD	3.506	4:GOOD
mp-29443	P2I4	6	GOOD	3.363	4:GOOD
mp-29529	Na2Sn2P2	6	GOOD	1.251	4:GOOD
mp-29754	Sr2Li2N2	6	GOOD	1.168	4:GOOD
mp-29771	Mg2C4	6	GOOD	4.663	4:GOOD
mp-30139	Be2Br4	6	GOOD	7.891	4:GOOD
mp-3277	BAsO4	6	GOOD	8.260	4:GOOD
mp-3481	K2Sn2As2	6	GOOD	1.021	4:GOOD
mp-3486	K2Sn2Sb2	6	GOOD	0.851	4:GOOD
mp-358	Hg3Te3	6	GOOD	1.117	4:GOOD
mp-3589	BPO4	6	GOOD	11.012	4:GOOD
mp-361	Cu4O2	6	GOOD	1.922	4:GOOD
mp-3637	Y2O2F2	6	GOOD	7.272	4:GOOD
mp-390	Ti2O4	6	GOOD	3.906	4:GOOD
mp-4495	K2Li2Te2	6	GOOD	4.020	4:GOOD
mp-470	Ge2O4	6	GOOD	4.246	4:GOOD
mp-471	Cd2As4	6	GOOD	0.768	4:GOOD
mp-4824	Na2Zn2P2	6	GOOD	1.974	4:GOOD
mp-486	Ni2P4	6	GOOD	0.494	4:GOOD
mp-5046	BeSO4	6	GOOD	10.600	4:GOOD
mp-5339	Cs2Na2Te2	6	GOOD	3.574	4:GOOD
mp-5347	KAlF4	6	GOOD	11.813	4:GOOD
mp-540789	Pb2I4	6	GOOD	3.568	4:GOOD
mp-541037	Cs2Cu2O2	6	GOOD	2.861	4:GOOD
mp-541911	Hf2N2Cl2	6	GOOD	3.956	4:GOOD
mp-541912	Zr2Br2N2	6	GOOD	2.909	4:GOOD
mp-542791	Zr2N2Cl2	6	GOOD	3.251	4:GOOD
mp-545359	KNa2CuO2	6	GOOD	3.764	4:GOOD
mp-545756	ZnSO4	6	GOOD	8.766	4:GOOD
mp-546633	KClO4	6	GOOD	8.928	4:GOOD
mp-550172	Sn2O4	6	GOOD	2.785	4:GOOD
mp-550759	RbClO4	6	GOOD	8.967	4:GOOD
mp-551470	Tl4O2	6	GOOD	1.135	4:GOOD
mp-552537	Sr2CuBrO2	6	GOOD	4.510	4:GOOD
mp-553303	CsCu3O2	6	GOOD	3.388	4:GOOD
mp-559278	K4S2	6	GOOD	3.838	4:GOOD
mp-567279	Zn2Cl4	6	GOOD	6.799	4:GOOD
mp-567503	Pb2I4	6	GOOD	3.582	4:GOOD
mp-568018	Rb2Sb4	6	GOOD	1.042	4:GOOD
mp-568100	ReNCl4	6	GOOD	2.903	4:GOOD
mp-568264	Si2Se4	6	GOOD	3.692	4:GOOD
mp-568346	Hf2Br2N2	6	GOOD	3.830	4:GOOD
mp-569008	Pd2Cl4	6	GOOD	3.211	4:GOOD
mp-569595	Pb2I4	6	GOOD	3.645	4:GOOD
mp-570157	Zr2Br2N2	6	GOOD	3.414	4:GOOD
mp-570172	Hg2I2Br2	6	GOOD	4.109	4:GOOD
mp-570875	Ga4Os2	6	GOOD	1.061	4:GOOD
mp-570886	Be2I4	6	GOOD	6.137	4:GOOD
mp-571195	Zn3Te3	6	GOOD	2.175	4:GOOD
mp-573755	Cs2Te2Au2	6	GOOD	2.344	4:GOOD
mp-574599	Cs2Au2Se2	6	GOOD	3.263	4:GOOD
mp-580886	Zr2I2N2	6	GOOD	2.004	4:GOOD
mp-5962	Na2Mg2As2	6	GOOD	2.192	4:GOOD
mp-602	Te4Mo2	6	GOOD	1.431	4:GOOD
mp-634657	Na2H2S2	6	GOOD	5.720	4:GOOD
mp-634676	K2H2S2	6	GOOD	5.672	4:GOOD
mp-684	Ba2S4	6	GOOD	3.719	4:GOOD
mp-6947	Si2O4	6	GOOD	8.099	4:GOOD
mp-6948	K2Na2O2	6	GOOD	4.957	4:GOOD
mp-696804	Rb2H2S2	6	GOOD	5.610	4:GOOD
mp-6973	Cs2Na2S2	6	GOOD	4.320	4:GOOD
mp-7077	K2Au2S2	6	GOOD	3.669	4:GOOD
mp-7089	K2Mg2Sb2	6	GOOD	2.343	4:GOOD
mp-7090	Na2Mg2Sb2	6	GOOD	1.945	4:GOOD
mp-721469	Rb4S2	6	GOOD	3.616	4:GOOD
mp-722181	K2Li2S2	6	GOOD	4.813	4:GOOD
mp-7421	K2Zn2As2	6	GOOD	1.536	4:GOOD
mp-7433	Na2Cu2Se2	6	GOOD	1.315	4:GOOD
mp-7434	Na2Cu2Te2	6	GOOD	1.752	4:GOOD
mp-7435	K2Cu2Se2	6	GOOD	1.773	4:GOOD
mp-7436	K2Cu2Te2	6	GOOD	2.016	4:GOOD
mp-7437	K2Zn2P2	6	GOOD	1.975	4:GOOD
mp-7438	K2Zn2Sb2	6	GOOD	1.666	4:GOOD
mp-7547	Ba2Se4	6	GOOD	2.413	4:GOOD
mp-7582	Ge2S4	6	GOOD	4.166	4:GOOD
mp-7583	Si2S4	6	GOOD	4.829	4:GOOD
mp-760	Fe2Se4	6	GOOD	0.679	4:GOOD
mp-766	As4Ru2	6	GOOD	0.757	4:GOOD
mp-7786	CsCu3S2	6	GOOD	3.070	4:GOOD
mp-7826	Hg3O3	6	GOOD	2.585	4:GOOD
mp-7848	AlPO4	6	GOOD	9.618	4:GOOD
mp-7868	Pt2O4	6	GOOD	3.401	4:GOOD
mp-7905	Si2O4	6	GOOD	8.237	4:GOOD
mp-8211	Ga2Ge2Te2	6	GOOD	1.061	4:GOOD
mp-8231	Zr2S2O2	6	GOOD	1.737	4:GOOD
mp-8352	Si2O4	6	GOOD	8.911	4:GOOD
mp-8374	Na4S2	6	GOOD	3.526	4:GOOD
mp-8430	K2Li2S2	6	GOOD	5.079	4:GOOD
mp-8452	Na2Li2S2	6	GOOD	5.165	4:GOOD
mp-856	Sn2O4	6	GOOD	3.152	4:GOOD
mp-8644	Ba2F4	6	GOOD	9.773	4:GOOD
mp-8658	Cs2Na2Se2	6	GOOD	3.851	4:GOOD
mp-8751	Rb2Li2S2	6	GOOD	4.671	4:GOOD
mp-8756	K2Li2Se2	6	GOOD	4.422	4:GOOD
mp-8799	Rb2Na2S2	6	GOOD	4.252	4:GOOD
mp-8911	Cu2Ag2S2	6	GOOD	1.001	4:GOOD
mp-9008	Rb2Te2Au2	6	GOOD	1.947	4:GOOD
mp-9010	Rb2Au2S2	6	GOOD	3.637	4:GOOD
mp-917	Ca2C4	6	GOOD	4.531	4:GOOD
mp-9244	Li2B2C2	6	GOOD	1.980	4:GOOD
mp-9250	Rb2Li2Se2	6	GOOD	4.138	4:GOOD
mp-9252	Hg3S3	6	GOOD	2.803	4:GOOD
mp-9384	CsAu3S2	6	GOOD	3.441	4:GOOD
mp-9385	RbAu3Se2	6	GOOD	2.675	4:GOOD
mp-9386	CsAu3Se2	6	GOOD	3.318	4:GOOD
mp-947	Au4S2	6	GOOD	3.200	4:GOOD
mp-9562	Li2Be2As2	6	GOOD	1.770	4:GOOD
mp-9573	Na2Be2As2	6	GOOD	2.288	4:GOOD
mp-9574	Na2Be2Sb2	6	GOOD	1.753	4:GOOD
mp-9575	Li2Be2Sb2	6	GOOD	1.417	4:GOOD
mp-9731	Rb2Au2Se2	6	GOOD	3.327	4:GOOD
mp-9846	Rb2Ca2Sb2	6	GOOD	2.576	4:GOOD
mp-9881	K2Au2Se2	6	GOOD	3.383	4:GOOD
mp-9899	Ba2Ag2P2	6	GOOD	0.804	4:GOOD
mp-9915	Li2Be2P2	6	GOOD	2.004	4:GOOD
mp-9919	Li2Zn2Sb2	6	GOOD	1.028	4:GOOD
mp-9984	Sn2S4	6	GOOD	2.649	4:GOOD
mp-1025299	Tl2CdTe4	7	GOOD	0.526	4:GOOD
mp-1025377	CdAg2I4	7	GOOD	3.489	4:GOOD
mp-10426	Nb2O5	7	GOOD	3.090	4:GOOD
mp-1077866	BaZnBO3F	7	GOOD	6.347	4:GOOD
mp-1077942	Rb2TeSe4	7	GOOD	2.035	4:GOOD
mp-1078049	ZnGa2S4	7	GOOD	3.501	4:GOOD
mp-1078085	Cs2PdCl4	7	GOOD	4.590	4:GOOD
mp-10955	SnHg2Se4	7	GOOD	0.997	4:GOOD
mp-11175	LiZnPS4	7	GOOD	4.605	4:GOOD
mp-11719	K4ZnP2	7	GOOD	1.885	4:GOOD
mp-13650	Ca2GeO4	7	GOOD	5.323	4:GOOD
mp-13660	Ca4Sb2O	7	GOOD	2.014	4:GOOD
mp-13949	CdGa2Te4	7	GOOD	1.999	4:GOOD
mp-14790	GeTe4As2	7	GOOD	0.737	4:GOOD
mp-15776	ZnGa2Se4	7	GOOD	2.746	4:GOOD
mp-15777	ZnGa2Te4	7	GOOD	1.943	4:GOOD
mp-1591	Al4C3	7	GOOD	2.240	4:GOOD
mp-1595	Nb2O5	7	GOOD	3.881	4:GOOD
mp-16337	Ga2HgTe4	7	GOOD	1.457	4:GOOD
mp-16755	MgAl2S4	7	GOOD	3.936	4:GOOD
mp-19765	In2HgTe4	7	GOOD	1.277	4:GOOD
mp-20731	In2HgSe4	7	GOOD	1.564	4:GOOD
mp-20832	ZnIn2Te4	7	GOOD	1.769	4:GOOD
mp-21374	CdIn2Te4	7	GOOD	1.729	4:GOOD
mp-22253	ZnIn2S4	7	GOOD	1.140	4:GOOD
mp-22304	CdIn2Se4	7	GOOD	2.020	4:GOOD
mp-22607	ZnIn2Se4	7	GOOD	2.132	4:GOOD
mp-22956	K2PdCl4	7	GOOD	4.315	4:GOOD
mp-23353	Cu2HgI4	7	GOOD	1.850	4:GOOD
mp-23485	Ag2HgI4	7	GOOD	2.628	4:GOOD
mp-2371	Ga2Te5	7	GOOD	1.550	4:GOOD
mp-23752	Cs2MgH4	7	GOOD	5.345	4:GOOD
mp-23956	K2MgH4	7	GOOD	6.201	4:GOOD
mp-24517	Rb2CaH4	7	GOOD	6.229	4:GOOD
mp-27138	K2PdBr4	7	GOOD	3.758	4:GOOD
mp-27294	Ca3AsBr3	7	GOOD	3.546	4:GOOD
mp-27947	SnSb2Te4	7	GOOD	0.519	4:GOOD
mp-27948	GeBi2Te4	7	GOOD	1.053	4:GOOD
mp-28069	Ca3AsCl3	7	GOOD	3.973	4:GOOD
mp-28163	K2PdF4	7	GOOD	6.603	4:GOOD
mp-28302	K4CdP2	7	GOOD	1.701	4:GOOD
mp-28483	WBr6	7	GOOD	2.148	4:GOOD
mp-28599	Na4Br2O	7	GOOD	4.713	4:GOOD
mp-29009	Li2MgBr4	7	GOOD	7.129	4:GOOD
mp-29484	K4HgAs2	7	GOOD	1.546	4:GOOD
mp-29584	K4BeAs2	7	GOOD	2.042	4:GOOD
mp-29873	Rb2CdCl4	7	GOOD	5.686	4:GOOD
mp-29889	Tl2PdCl4	7	GOOD	2.985	4:GOOD
mp-30315	Ca3BN3	7	GOOD	1.412	4:GOOD
mp-3038	Al2HgSe4	7	GOOD	2.671	4:GOOD
mp-31002	Rb2Te5	7	GOOD	1.005	4:GOOD
mp-31507	Sb2Te4Pb	7	GOOD	0.678	4:GOOD
mp-3159	Al2CdSe4	7	GOOD	3.434	4:GOOD
mp-3167	Hg2GeSe4	7	GOOD	1.195	4:GOOD
mp-3359	Ba2SnO4	7	GOOD	4.871	4:GOOD
mp-3772	CdGa2Se4	7	GOOD	2.575	4:GOOD
mp-3813	Ba2ZrS4	7	GOOD	1.866	4:GOOD
mp-4452	CdGa2S4	7	GOOD	3.568	4:GOOD
mp-4730	Ga2HgSe4	7	GOOD	1.965	4:GOOD
mp-4809	Ga2HgS4	7	GOOD	2.831	4:GOOD
mp-5350	ZnGa2S4	7	GOOD	3.824	4:GOOD
mp-5380	Ca4P2O	7	GOOD	2.504	4:GOOD
mp-541937	ZnIn2S4	7	GOOD	1.147	4:GOOD
mp-545788	Ba3ZnN2O	7	GOOD	1.571	4:GOOD
mp-546864	Y2CN2O2	7	GOOD	5.727	4:GOOD
mp-550751	BaBeSiO4	7	GOOD	7.050	4:GOOD
mp-551629	CsLiMoO4	7	GOOD	6.911	4:GOOD
mp-551873	Ca4Bi2O	7	GOOD	1.931	4:GOOD
mp-554867	Ta2O5	7	GOOD	1.850	4:GOOD
mp-557373	Cu2WS4	7	GOOD	2.703	4:GOOD
mp-558836	MoF6	7	GOOD	7.839	4:GOOD
mp-568032	CdIn2Se4	7	GOOD	1.967	4:GOOD
mp-568598	Cu2HgI4	7	GOOD	1.554	4:GOOD
mp-568661	CdIn2Se4	7	GOOD	1.795	4:GOOD
mp-570256	Ag2HgI4	7	GOOD	2.540	4:GOOD
mp-571653	C3N4	7	GOOD	4.485	4:GOOD
mp-5928	Al2CdS4	7	GOOD	4.468	4:GOOD
mp-624688	Ta2O5	7	GOOD	4.468	4:GOOD
mp-643257	K2H4Pd	7	GOOD	5.475	4:GOOD
mp-643260	Na2H4Pd	7	GOOD	4.531	4:GOOD
mp-655275	HgC2S2N2	7	GOOD	4.251	4:GOOD
mp-676250	Bi2Te4Pb	7	GOOD	1.041	4:GOOD
mp-6867	KCaCO3F	7	GOOD	7.400	4:GOOD
mp-697096	Na2H4Pt	7	GOOD	4.427	4:GOOD
mp-720166	V2O5	7	GOOD	2.419	4:GOOD
mp-7502	K2Sn2O3	7	GOOD	2.471	4:GOOD
mp-7604	Mg3NF3	7	GOOD	7.026	4:GOOD
mp-7684	Tl3AsSe3	7	GOOD	1.319	4:GOOD
mp-7906	Al2HgS4	7	GOOD	3.486	4:GOOD
mp-7907	Al2ZnSe4	7	GOOD	3.788	4:GOOD
mp-7908	Al2ZnTe4	7	GOOD	2.722	4:GOOD
mp-7909	Al2CdTe4	7	GOOD	2.714	4:GOOD
mp-7910	Al2HgTe4	7	GOOD	2.050	4:GOOD
mp-8298	Sr4P2O	7	GOOD	2.316	4:GOOD
mp-8299	Sr4As2O	7	GOOD	2.254	4:GOOD
mp-8300	Ba4As2O	7	GOOD	1.628	4:GOOD
mp-8393	Tl3SbS3	7	GOOD	2.134	4:GOOD
mp-8560	SF6	7	GOOD	12.546	4:GOOD
mp-863745	RbSrCO3F	7	GOOD	5.332	4:GOOD
mp-865427	KSrCO3F	7	GOOD	7.086	4:GOOD
mp-8752	Na4CdP2	7	GOOD	1.845	4:GOOD
mp-8789	Ca4As2O	7	GOOD	2.500	4:GOOD
mp-8874	LiSiBO4	7	GOOD	9.483	4:GOOD
mp-8976	Cu2WS4	7	GOOD	2.615	4:GOOD
mp-9254	Al2Te5	7	GOOD	1.742	4:GOOD
mp-9321	Ba2HfS4	7	GOOD	2.213	4:GOOD
mp-9479	MgAl2Se4	7	GOOD	2.765	4:GOOD
mp-9774	Ba4Sb2O	7	GOOD	1.708	4:GOOD
mp-9791	Tl3AsS3	7	GOOD	1.792	4:GOOD
mp-10009	Ga4Te4	8	GOOD	1.388	4:GOOD
mp-10101	Cs2Ag2C4	8	GOOD	4.833	4:GOOD
mp-1016197	Mg2Si2As4	8	GOOD	1.831	4:GOOD
mp-1016200	Mg2Ge2As4	8	GOOD	1.628	4:GOOD
mp-10163	Na2Al2Te4	8	GOOD	2.310	4:GOOD
mp-10164	Na2Ga2Te4	8	GOOD	1.099	4:GOOD
mp-10165	K2Al2Te4	8	GOOD	2.915	4:GOOD
mp-10166	Na2Al2Se4	8	GOOD	3.822	4:GOOD
mp-1025396	NbTl3Se4	8	GOOD	2.973	4:GOOD
mp-1025397	Ge4Ru4	8	GOOD	0.265	4:GOOD
mp-10281	Zn4S4	8	GOOD	3.684	4:GOOD
mp-10322	Ba2Hf2N4	8	GOOD	2.592	4:GOOD
mp-10381	K4Cu2Sb2	8	GOOD	2.039	4:GOOD
mp-10417	K2Sb2O4	8	GOOD	3.620	4:GOOD
mp-10418	Rb2Sb2O4	8	GOOD	4.100	4:GOOD
mp-10572	Na2P2N4	8	GOOD	6.904	4:GOOD
mp-10644	TaTl3Se4	8	GOOD	3.066	4:GOOD
mp-10748	TaCu3S4	8	GOOD	3.067	4:GOOD
mp-1078181	Si2Br6	8	GOOD	6.483	4:GOOD
mp-1078419	Na3PSe4	8	GOOD	2.726	4:GOOD
mp-1078469	Cu2P2N4	8	GOOD	3.147	4:GOOD
mp-1078498	ZnCu2SiTe4	8	GOOD	0.959	4:GOOD
mp-1078500	Pb4S4	8	GOOD	1.718	4:GOOD
mp-1078562	Sr2Ag2S2F2	8	GOOD	2.648	4:GOOD
mp-1078621	Tl2In2S4	8	GOOD	1.764	4:GOOD
mp-1078644	Sn4O4	8	GOOD	2.233	4:GOOD
mp-1078676	Tl2SnHgSe4	8	GOOD	1.615	4:GOOD
mp-1078693	Ba2Cd2Sb2F2	8	GOOD	1.176	4:GOOD
mp-1078709	Na4Bi2Au2	8	GOOD	0.718	4:GOOD
mp-1078724	Li2As2Se4	8	GOOD	1.409	4:GOOD
mp-1078799	LiNbF6	8	GOOD	8.706	4:GOOD
mp-1079080	CsCd4As3	8	GOOD	0.798	4:GOOD
mp-1079172	Pb4Se4	8	GOOD	1.750	4:GOOD
mp-1079260	In4Se4	8	GOOD	1.806	4:GOOD
mp-1079320	Ba2Zn2As2F2	8	GOOD	1.336	4:GOOD
mp-1079426	Tl2SiHgSe4	8	GOOD	1.746	4:GOOD
mp-1079541	ZnCu2SnS4	8	GOOD	1.125	4:GOOD
mp-1079574	Te4Pb4	8	GOOD	1.244	4:GOOD
mp-1079603	Ba2Cd2P2F2	8	GOOD	2.235	4:GOOD
mp-1079645	K2CdSnSe4	8	GOOD	2.906	4:GOOD
mp-1079647	Ba2Ag2Se2F2	8	GOOD	2.573	4:GOOD
mp-1079679	K4Cd2Sn2	8	GOOD	0.456	4:GOOD
mp-1079694	Cs4I4	8	GOOD	5.409	4:GOOD
mp-1079720	Ag4O4	8	GOOD	0.624	4:GOOD
mp-1079885	Li2Sb2S4	8	GOOD	0.777	4:GOOD
mp-1079889	ZnAg2SnS4	8	GOOD	1.299	4:GOOD
mp-1080135	Sr2Zn2As2F2	8	GOOD	1.803	4:GOOD
mp-1080438	Sr2Ag2Te2F2	8	GOOD	2.464	4:GOOD
mp-1080459	Ge4Te4	8	GOOD	0.728	4:GOOD
mp-1080650	Ba2Cu2S2F2	8	GOOD	3.079	4:GOOD
mp-1080691	Rb2SnHgTe4	8	GOOD	1.567	4:GOOD
mp-1080747	Sc2Al2C2O2	8	GOOD	2.631	4:GOOD
mp-1084770	K4Bi2Au2	8	GOOD	1.705	4:GOOD
mp-1084785	K2Al2O4	8	GOOD	5.634	4:GOOD
mp-1086652	Ba2Ag2S2F2	8	GOOD	2.770	4:GOOD
mp-1087504	KZn4P3	8	GOOD	1.422	4:GOOD
mp-1087540	CdCu2SiTe4	8	GOOD	1.078	4:GOOD
mp-1091384	NbTl3S4	8	GOOD	3.446	4:GOOD
mp-1091416	Sr2Cu2Te2F2	8	GOOD	2.699	4:GOOD
mp-1095151	Ba2Cd2As2F2	8	GOOD	1.950	4:GOOD
mp-1101093	CsZn4P3	8	GOOD	1.103	4:GOOD
mp-11108	Sr2P6	8	GOOD	0.348	4:GOOD
mp-1136	Na6As2	8	GOOD	1.134	4:GOOD
mp-11703	K2Sb2S4	8	GOOD	2.802	4:GOOD
mp-1175	Sr2S6	8	GOOD	2.738	4:GOOD
mp-11875	C4O4	8	GOOD	12.293	4:GOOD
mp-12015	KAg2AsO4	8	GOOD	2.830	4:GOOD
mp-1205315	Li2Bi2O4	8	GOOD	1.907	4:GOOD
mp-1224	Hg4O4	8	GOOD	2.487	4:GOOD
mp-12444	Sr2Cu2S2F2	8	GOOD	3.038	4:GOOD
mp-12509	Y2Zn2P2O2	8	GOOD	2.040	4:GOOD
mp-12532	KAg2PS4	8	GOOD	2.639	4:GOOD
mp-12883	P8	8	GOOD	5.042	4:GOOD
mp-12903	Y2Ag2Te4	8	GOOD	1.580	4:GOOD
mp-12954	Cu2B2S4	8	GOOD	2.682	4:GOOD
mp-12957	O8	8	GOOD	4.349	4:GOOD
mp-13287	Ba2Cu2Te2F2	8	GOOD	2.205	4:GOOD
mp-13312	Sc2Tl2S4	8	GOOD	1.609	4:GOOD
mp-14017	K6Sb2	8	GOOD	1.296	4:GOOD
mp-14018	K6As2	8	GOOD	0.997	4:GOOD
mp-14069	Cs2Al2O4	8	GOOD	7.060	4:GOOD
mp-14091	Al2Ag2Se4	8	GOOD	2.622	4:GOOD
mp-14092	Al2Ag2Te4	8	GOOD	2.215	4:GOOD
mp-14205	K3Cu3As2	8	GOOD	2.131	4:GOOD
mp-14206	K3Ag3As2	8	GOOD	1.935	4:GOOD
mp-154	N8	8	GOOD	13.930	4:GOOD
mp-1546049	I2Cl6	8	GOOD	3.831	4:GOOD
mp-15622	Hf2Se6	8	GOOD	1.377	4:GOOD
mp-15668	Na4Se4	8	GOOD	2.271	4:GOOD
mp-15684	K4Cu2As2	8	GOOD	2.064	4:GOOD
mp-15685	Na4Cu2As2	8	GOOD	1.342	4:GOOD
mp-1572	Ga4Se4	8	GOOD	2.310	4:GOOD
mp-1598	Na6P2	8	GOOD	1.395	4:GOOD
mp-16319	Rb6Sb2	8	GOOD	0.906	4:GOOD
mp-16742	Ba2Ag2Te2F2	8	GOOD	2.667	4:GOOD
mp-16764	Rb2Y2Te4	8	GOOD	2.581	4:GOOD
mp-1683	Zr2Se6	8	GOOD	1.519	4:GOOD
mp-1836	Tl4Se4	8	GOOD	0.840	4:GOOD
mp-189	Si4Ru4	8	GOOD	0.408	4:GOOD
mp-18943	Ba2Ni2O4	8	GOOD	2.181	4:GOOD
mp-19178	Co2Ag2O4	8	GOOD	1.837	4:GOOD
mp-19412	VAg3O4	8	GOOD	2.106	4:GOOD
mp-1943	Ga4Se4	8	GOOD	2.294	4:GOOD
mp-19443	W2O6	8	GOOD	1.769	4:GOOD
mp-1954	P3N5	8	GOOD	4.263	4:GOOD
mp-19795	In4S4	8	GOOD	2.197	4:GOOD
mp-19799	BaPbF6	8	GOOD	6.644	4:GOOD
mp-19833	In2Ag2S4	8	GOOD	1.587	4:GOOD
mp-19851	K2In2Te4	8	GOOD	2.033	4:GOOD
mp-19896	Li2GePbS4	8	GOOD	3.350	4:GOOD
mp-20042	Tl2In2S4	8	GOOD	1.167	4:GOOD
mp-20187	Li2In2Se4	8	GOOD	2.950	4:GOOD
mp-20485	In4Se4	8	GOOD	1.446	4:GOOD
mp-2068	Rh2F6	8	GOOD	3.617	4:GOOD
mp-2072	K4Te4	8	GOOD	2.281	4:GOOD
mp-20782	Li2In2Te4	8	GOOD	2.477	4:GOOD
mp-20878	Pb4O4	8	GOOD	3.168	4:GOOD
mp-21228	Sr2Cu2Se2F2	8	GOOD	2.582	4:GOOD
mp-21855	VCu3Se4	8	GOOD	1.657	4:GOOD
mp-22232	Tl2In2Se4	8	GOOD	1.444	4:GOOD
mp-22255	Rb2In2Te4	8	GOOD	2.228	4:GOOD
mp-2231	Sn4S4	8	GOOD	1.429	4:GOOD
mp-22386	In2Ag2Te4	8	GOOD	0.964	4:GOOD
mp-2242	Ge4S4	8	GOOD	1.700	4:GOOD
mp-22483	Na2In2Te4	8	GOOD	1.543	4:GOOD
mp-22791	Tl2In2Te4	8	GOOD	1.177	4:GOOD
mp-22849	Bi2I6	8	GOOD	3.490	4:GOOD
mp-22984	Na2Bi2O4	8	GOOD	2.315	4:GOOD
mp-23057	Cs2Li2Br4	8	GOOD	7.023	4:GOOD
mp-23116	Cu2Bi2Se2O2	8	GOOD	0.852	4:GOOD
mp-23189	B2I6	8	GOOD	4.870	4:GOOD
mp-23225	B2Br6	8	GOOD	6.723	4:GOOD
mp-23281	Sb2I6	8	GOOD	2.899	4:GOOD
mp-2341	Li6N2	8	GOOD	2.806	4:GOOD
mp-23454	Cs2Ag2Br4	8	GOOD	4.068	4:GOOD
mp-236	S4N4	8	GOOD	5.407	4:GOOD
mp-23846	K2H2F4	8	GOOD	11.748	4:GOOD
mp-239	Ba2S6	8	GOOD	3.043	4:GOOD
mp-23933	Al2H6	8	GOOD	5.125	4:GOOD
mp-2400	Na4S4	8	GOOD	3.356	4:GOOD
mp-2488	Si4Os4	8	GOOD	0.821	4:GOOD
mp-2507	Ga4S4	8	GOOD	3.085	4:GOOD
mp-25469	Al2Cl6	8	GOOD	8.011	4:GOOD
mp-2552	Te2O6	8	GOOD	3.174	4:GOOD
mp-2672	K4O4	8	GOOD	5.436	4:GOOD
mp-27397	Ir2Br6	8	GOOD	3.061	4:GOOD
mp-27421	RbBiF6	8	GOOD	6.652	4:GOOD
mp-27529	P2I6	8	GOOD	3.804	4:GOOD
mp-27666	Ir2Cl6	8	GOOD	3.962	4:GOOD
mp-27725	Au4I4	8	GOOD	3.074	4:GOOD
mp-27729	I2Cl6	8	GOOD	4.348	4:GOOD
mp-27770	Rh2Cl6	8	GOOD	3.388	4:GOOD
mp-27801	Tl2Ag2I4	8	GOOD	2.736	4:GOOD
mp-27871	Rh2Br6	8	GOOD	2.611	4:GOOD
mp-28099	S4Br4	8	GOOD	4.097	4:GOOD
mp-28237	Rb2Li2Br4	8	GOOD	6.942	4:GOOD
mp-28243	Rb2Li2Cl4	8	GOOD	8.025	4:GOOD
mp-28553	Ca4I2N2	8	GOOD	3.545	4:GOOD
mp-28994	K2Li4As2	8	GOOD	1.813	4:GOOD
mp-29506	Cs2Bi2O4	8	GOOD	4.126	4:GOOD
mp-29521	Rb2Bi2O4	8	GOOD	3.929	4:GOOD
mp-2961	Mg2Si2P4	8	GOOD	2.128	4:GOOD
mp-30200	Bi2CO5	8	GOOD	2.592	4:GOOD
mp-30965	Na2Cl2O4	8	GOOD	6.403	4:GOOD
mp-30988	K2Bi2O4	8	GOOD	3.210	4:GOOD
mp-31368	K2Cl2O4	8	GOOD	5.956	4:GOOD
mp-322	Tl4S4	8	GOOD	1.430	4:GOOD
mp-32780	Au4Cl4	8	GOOD	3.239	4:GOOD
mp-34903	Mg2Ge2P4	8	GOOD	2.193	4:GOOD
mp-3524	Li2P2N4	8	GOOD	5.514	4:GOOD
mp-3642	Sc2Cu2O4	8	GOOD	4.169	4:GOOD
mp-3668	Cd2Ge2P4	8	GOOD	1.572	4:GOOD
mp-3744	Na2Nb2O4	8	GOOD	2.710	4:GOOD
mp-3762	VCu3S4	8	GOOD	1.959	4:GOOD
mp-3785	Tl2Ga2Te4	8	GOOD	1.085	4:GOOD
mp-3839	Ga2Cu2Te4	8	GOOD	1.219	4:GOOD
mp-4008	Zn2Ge2As4	8	GOOD	1.028	4:GOOD
mp-4009	Ba2Pd2S4	8	GOOD	1.450	4:GOOD
mp-4043	NbCu3Se4	8	GOOD	2.293	4:GOOD
mp-4081	TaCu3Se4	8	GOOD	2.630	4:GOOD
mp-4266	KAsF6	8	GOOD	10.324	4:GOOD
mp-4524	Zn2Ge2P4	8	GOOD	1.963	4:GOOD
mp-4586	Li2Al2Te4	8	GOOD	3.485	4:GOOD
mp-4608	KPF6	8	GOOD	12.094	4:GOOD
mp-4666	Cd2Si2P4	8	GOOD	1.982	4:GOOD
mp-4763	Zn2Si2P4	8	GOOD	1.981	4:GOOD
mp-4840	Ga2Cu2Se4	8	GOOD	1.231	4:GOOD
mp-4899	Ga2Ag2Te4	8	GOOD	1.238	4:GOOD
mp-4953	Cd2Ge2As4	8	GOOD	0.380	4:GOOD
mp-4979	Al2Cu2S4	8	GOOD	3.090	4:GOOD
mp-5038	Cs2Ga2S4	8	GOOD	4.977	4:GOOD
mp-504535	In2H2O4	8	GOOD	3.888	4:GOOD
mp-5048	Li2Ga2Te4	8	GOOD	2.810	4:GOOD
mp-505366	Au4Br4	8	GOOD	3.096	4:GOOD
mp-510657	VCu3O4	8	GOOD	0.717	4:GOOD
mp-5213	Cd2Sn2P4	8	GOOD	1.003	4:GOOD
mp-5238	Ga2Cu2S4	8	GOOD	1.932	4:GOOD
mp-5256	K2Cu2C4	8	GOOD	3.999	4:GOOD
mp-5342	Ga2Ag2S4	8	GOOD	2.371	4:GOOD
mp-5414	Na2Sb2S4	8	GOOD	1.807	4:GOOD
mp-5425	Rb2Cu2C4	8	GOOD	4.014	4:GOOD
mp-546011	Y2Zn2As2O2	8	GOOD	1.962	4:GOOD
mp-548469	Ba2Zn2S2O2	8	GOOD	4.053	4:GOOD
mp-5488	Li2In2O4	8	GOOD	3.855	4:GOOD
mp-549590	Rb2Cl2O4	8	GOOD	6.040	4:GOOD
mp-549720	Nb2I4O2	8	GOOD	1.691	4:GOOD
mp-550070	Nb2Br4O2	8	GOOD	2.379	4:GOOD
mp-550714	Pb4O4	8	GOOD	3.372	4:GOOD
mp-5513	Tl3VS4	8	GOOD	2.946	4:GOOD
mp-552131	Cs2Cl2O4	8	GOOD	5.559	4:GOOD
mp-553243	YBi2BrO4	8	GOOD	2.530	4:GOOD
mp-553310	Cs2Cu2O4	8	GOOD	3.155	4:GOOD
mp-555166	BaAg2SnS4	8	GOOD	1.626	4:GOOD
mp-555874	Li2As2S4	8	GOOD	1.978	4:GOOD
mp-556742	Ga4S4	8	GOOD	3.181	4:GOOD
mp-556916	Ga2Ag2S4	8	GOOD	2.238	4:GOOD
mp-557179	Na2Sb2S4	8	GOOD	1.439	4:GOOD
mp-557510	Cu3TeS3Cl	8	GOOD	1.649	4:GOOD
mp-5588	BaSiF6	8	GOOD	12.111	4:GOOD
mp-559044	Cu2C2S2N2	8	GOOD	3.556	4:GOOD
mp-559470	Ag2Pb2Br2O2	8	GOOD	1.724	4:GOOD
mp-559521	InBi2S4Cl	8	GOOD	2.274	4:GOOD
mp-561075	Na2CdSnS4	8	GOOD	3.474	4:GOOD
mp-561703	Au2C2Cl2O2	8	GOOD	5.596	4:GOOD
mp-562090	Cu2C2Cl2O2	8	GOOD	5.445	4:GOOD
mp-5621	NbCu3S4	8	GOOD	2.684	4:GOOD
mp-562561	Mo2O6	8	GOOD	3.639	4:GOOD
mp-567558	Cs2Ag2Cl4	8	GOOD	4.663	4:GOOD
mp-568301	Bi2Br6	8	GOOD	4.208	4:GOOD
mp-568890	Tl2CdGeTe4	8	GOOD	0.934	4:GOOD
mp-568968	K2SnHgSe4	8	GOOD	2.616	4:GOOD
mp-569114	BaAg2SnSe4	8	GOOD	1.003	4:GOOD
mp-569157	Bi2I6	8	GOOD	3.333	4:GOOD
mp-569246	Tl2HgGeTe4	8	GOOD	0.573	4:GOOD
mp-569766	Te4I4	8	GOOD	1.523	4:GOOD
mp-569790	BaAg2GeSe4	8	GOOD	1.050	4:GOOD
mp-569940	K6Bi2	8	GOOD	0.784	4:GOOD
mp-570002	C8	8	GOOD	4.587	4:GOOD
mp-5782	Al2Ag2S4	8	GOOD	3.494	4:GOOD
mp-580941	Ag4I4	8	GOOD	3.091	4:GOOD
mp-5858	CdPtF6	8	GOOD	5.733	4:GOOD
mp-613910	BaNiF6	8	GOOD	5.373	4:GOOD
mp-630528	In4S4	8	GOOD	0.865	4:GOOD
mp-632711	In2H2O4	8	GOOD	4.064	4:GOOD
mp-6408	ZnCu2GeS4	8	GOOD	1.471	4:GOOD
mp-642725	Ca2H2Cl2O2	8	GOOD	8.270	4:GOOD
mp-643033	KPH2SO3	8	GOOD	7.140	4:GOOD
mp-643364	H2Pb2Cl2O2	8	GOOD	4.365	4:GOOD
mp-644222	Cd2H2Cl2O2	8	GOOD	4.749	4:GOOD
mp-700	Ge4Se4	8	GOOD	1.395	4:GOOD
mp-715566	Cr2O6	8	GOOD	4.365	4:GOOD
mp-7204	Ca2Zn2S2O2	8	GOOD	4.416	4:GOOD
mp-729933	C4O4	8	GOOD	11.752	4:GOOD
mp-736	Li6P2	8	GOOD	1.822	4:GOOD
mp-7392	Na4Ag2Sb2	8	GOOD	1.223	4:GOOD
mp-7394	BaAg2GeS4	8	GOOD	1.730	4:GOOD
mp-743	Rb2N6	8	GOOD	6.893	4:GOOD
mp-7439	K3Cu3P2	8	GOOD	1.986	4:GOOD
mp-7548	Ba2Se6	8	GOOD	2.249	4:GOOD
mp-7562	TaTl3S4	8	GOOD	3.538	4:GOOD
mp-757	Li6As2	8	GOOD	1.719	4:GOOD
mp-7599	Be4O4	8	GOOD	10.489	4:GOOD
mp-7610	Li2CaSiO4	8	GOOD	7.864	4:GOOD
mp-7611	Li2CaGeO4	8	GOOD	6.693	4:GOOD
mp-7639	Na4Cu2P2	8	GOOD	1.392	4:GOOD
mp-7642	K4Ag2As2	8	GOOD	2.083	4:GOOD
mp-7650	Rb2Sc2O4	8	GOOD	6.210	4:GOOD
mp-7773	Na4As2Au2	8	GOOD	0.877	4:GOOD
mp-7774	Na4Sb2Au2	8	GOOD	0.774	4:GOOD
mp-7801	Ca2Ge2N4	8	GOOD	4.105	4:GOOD
mp-7808	Ba2P6	8	GOOD	1.409	4:GOOD
mp-7897	K6P2	8	GOOD	1.144	4:GOOD
mp-7936	Li2Nb2S4	8	GOOD	1.402	4:GOOD
mp-7937	Na2Nb2S4	8	GOOD	1.371	4:GOOD
mp-7938	K2Nb2S4	8	GOOD	1.517	4:GOOD
mp-7939	Na2Nb2Se4	8	GOOD	1.210	4:GOOD
mp-7955	Li6Sb2	8	GOOD	1.449	4:GOOD
mp-7956	Na6Sb2	8	GOOD	1.396	4:GOOD
mp-8016	Al2Cu2Se4	8	GOOD	2.320	4:GOOD
mp-8017	Al2Cu2Te4	8	GOOD	2.242	4:GOOD
mp-8179	Li2Tl2O4	8	GOOD	1.391	4:GOOD
mp-8234	Ba2Te6	8	GOOD	1.652	4:GOOD
mp-8255	CaPtF6	8	GOOD	6.611	4:GOOD
mp-827	K2N6	8	GOOD	7.315	4:GOOD
mp-8289	Sn2F6	8	GOOD	5.880	4:GOOD
mp-8311	Si3NiP4	8	GOOD	0.708	4:GOOD
mp-841	Li4O4	8	GOOD	5.843	4:GOOD
mp-864954	Mg2Mo2N4	8	GOOD	1.578	4:GOOD
mp-8703	Na3SbSe4	8	GOOD	2.538	4:GOOD
mp-871	Fe4Si4	8	GOOD	0.282	4:GOOD
mp-8978	Cs2Nb2N4	8	GOOD	2.498	4:GOOD
mp-9122	Ca2P6	8	GOOD	0.437	4:GOOD
mp-9144	LiAsF6	8	GOOD	10.811	4:GOOD
mp-9195	Ba2Cu2Se2F2	8	GOOD	2.754	4:GOOD
mp-9295	TaCu3Te4	8	GOOD	1.807	4:GOOD
mp-9486	K2AlF5	8	GOOD	11.087	4:GOOD
mp-9490	KAg2SbS4	8	GOOD	1.822	4:GOOD
mp-9517	Sr2Ti2N4	8	GOOD	2.045	4:GOOD
mp-9579	Al2Tl2Se4	8	GOOD	1.404	4:GOOD
mp-9580	Tl2Ga2Se4	8	GOOD	1.356	4:GOOD
mp-9631	Al2Ag2O4	8	GOOD	3.216	4:GOOD
mp-972937	Sc2Al2C2O2	8	GOOD	1.538	4:GOOD
mp-975140	RbZn4P3	8	GOOD	1.180	4:GOOD
mp-9819	RbAsF6	8	GOOD	10.532	4:GOOD
mp-9820	CsAsF6	8	GOOD	10.661	4:GOOD
mp-983565	Cu2B2Se4	8	GOOD	2.271	4:GOOD
mp-9911	K3SbS4	8	GOOD	4.171	4:GOOD
mp-991652	VCu3Te4	8	GOOD	1.135	4:GOOD
mp-991676	NbCu3Te4	8	GOOD	1.575	4:GOOD
mp-9920	Ti2S6	8	GOOD	1.145	4:GOOD
