# 2026-10-01 MLO automatic model against LDA along the band path, Samples/MATERIALS (ecalj e29dd6e1d; MD/research_kotani_log.md 2026-10-01 朝).
# Model: mlo_method=4, mlo_delta=mlo_w=2 eV, mlo_nkabc=[bz] nkabc; mlo_lm: Z<=10 s,p; Z>=11 s,p,d; lanthanides and Hf (4f in the valence basis) s,p,d,f.
# so=1 (GaAs_so, Bi2Te3): job_mlo_soc. Eu compounds LDA+U (idu=12, no sigm). Evaluation: SRC/exec/mlo_bandcheck.py (eV). Work: t14 ~/work/mlocheck_20261001, kr7 ~/mlocheck_20261001.
material	sname	nsite	f_atoms	insulator	gap_mesh	gapD	gapM	dVBM	dCBM	rms_m2d	max_m2d	rms_d2m	max_d2m	nspin
2hSiC	2hsic	4		True	2.1539	2.1551	2.1765	0.0000	0.0214	0.0089	0.0741	0.0059	0.0353	1
3cSiC	3csic	2		True	1.3180	1.3191	1.3191	-0.0001	-0.0000	0.0033	0.0154	0.0028	0.0093	1
4hSiC	4hsic	8		True	2.1797	2.1807	2.1811	-0.0000	0.0004	0.0083	0.0526	0.0053	0.0413	1
AlAs	alas	2		True	1.3439	1.3452	1.3461	-0.0001	0.0009	0.0156	0.0994	0.0058	0.0369	1
AlN	aln	4		True	4.3351	4.3348	4.3455	0.0000	0.0108	0.0610	0.3905	0.0383	0.3465	1
AlNzb	alnzb	2		True	3.2454	3.2449	3.2448	0.0001	0.0000	0.0032	0.0270	0.0010	0.0050	1
AlP	alp	2		True	1.4552	1.4562	1.4565	0.0000	0.0003	0.0121	0.0594	0.0011	0.0044	1
AlSb	alsb	2		True	1.1600	1.1484	1.1572	0.0000	0.0088	0.0357	0.2532	0.0124	0.0954	1
BaTiO3	batio3	5		True	1.6551	1.6551	1.6585	-0.0035	-0.0000	0.0090	0.0849	0.0045	0.0222	1
Bi2Te3	bi2te3	5		False	0.0000					0.0292	0.1793	0.0221	0.1132	1
C	c	2		True	4.1588	4.1558	4.1178	0.0000	-0.0380	0.0202	0.1179	0.0164	0.0779	1
CdO	cdo	2		False	0.0000					0.0013	0.0117	0.0010	0.0105	1
CdS	cds	2		True	0.8896	0.8891	0.8966	0.0000	0.0075	0.0057	0.0311	0.0013	0.0119	1
CdSe	cdse	2		True	0.3746	0.3741	0.3875	-0.0000	0.0134	0.0107	0.0659	0.0022	0.0205	1
CdTe	cdte	2		True	0.5166	0.5161	0.5535	0.0000	0.0374	0.0326	0.3288	0.0080	0.0421	1
Ce	ce	1	Ce	False	0.0000					0.0028	0.0372	0.0010	0.0081	1
Cu	cu	1		False	0.0000					0.0123	0.1073	0.0085	0.1073	1
EuO	euo	2	Eu	True	1.2320	1.2339	1.2539	-0.0200	0.0000	0.0488	0.2342	0.0555	0.2972	2
EuS	eus	4	Nidn,Niup	True	1.7026	1.7029	1.7029	0.0000	-0.0001	0.0013	0.0120	0.0007	0.0040	2
EuSe	euse	4	Nidn,Niup	True	1.5683	1.5685	1.5685	0.0001	-0.0000	0.0014	0.0148	0.0006	0.0054	2
EuTe	eute	4	Nidn,Niup	True	1.2053	1.2060	1.2060	0.0000	0.0001	0.0032	0.0270	0.0007	0.0040	2
Fe	fe	1		False	0.0000					0.0051	0.0352	0.0047	0.0326	2
GaAs	gaas	2		True	0.2935	0.2936	0.2999	-0.0000	0.0063	0.0126	0.1360	0.0045	0.0300	1
GaAs_so	gaas_so	2		True	0.1803	0.1803	0.1864	0.0002	0.0063	0.0125	0.1354	0.0043	0.0301	1
GaN	gan	4		True	1.9072	1.9065	2.2402	-0.3335	0.0002	0.1643	0.3259	0.1751	0.3335	1
GaNzb	ganzb	2		True	1.7698	1.7691	2.1219	-0.3528	0.0000	0.1961	0.3528	0.2051	0.3528	1
GaP	gap	2		True	1.4951	1.4438	1.4432	-0.0000	-0.0006	0.0100	0.0799	0.0035	0.0177	1
GaSb	gasb	2		False	0.0000					0.0220	0.1571	0.0047	0.0243	1
Ge	ge	2		False	0.0000					0.0149	0.1025	0.0051	0.0233	1
HfO2	hfo2	6	Hf	True	4.4132	4.4127	4.4133	-0.0000	0.0006	0.0277	0.5020	0.0030	0.0181	1
HgO	hgo	8		True	1.3259	1.1120	1.1206	-0.0063	0.0022	0.0097	0.0885	0.0019	0.0137	1
HgS	hgs	2		False	0.0000					0.0019	0.0134	0.0014	0.0134	1
HgSe	hgse	2		False	0.0000					0.0058	0.0540	0.0020	0.0158	1
HgTe	hgte	2		False	0.0000					0.0180	0.2516	0.0039	0.0292	1
InAs	inas	2		False	0.0000					0.0158	0.1665	0.0035	0.0214	1
InAsGaSb_n4	inas4gasb4	16		False	0.0000					0.0141	0.1551	0.0023	0.0244	1
InN	inn	4		False	0.0000					0.2337	0.5064	0.2550	0.6095	1
InNzb	innzb	2		False	0.0000					0.2692	0.5874	0.2936	0.5984	1
InP	inp	2		True	0.4604	0.4605	0.4675	-0.0000	0.0070	0.0123	0.1011	0.0053	0.0333	1
InSb	insb	2		False	0.0000					0.0324	0.2543	0.0063	0.0361	1
La2CuO4	la2cuo4swj	7	La	False	0.0000					0.0938	0.4990	0.1026	0.4596	1
LaGaO3	lagao3	20	La	True	3.6140	3.5578	3.6369	-0.0838	-0.0047	0.0728	0.3824	0.1007	0.3028	1
Li	li	1		False	0.0000					0.0108	0.0356	0.0039	0.0106	1
MgO	mgo	2		True	4.7637	4.7635	4.7635	-0.0000	-0.0000	0.0006	0.0053	0.0005	0.0021	1
MgS	mgs	2		True	3.3272	3.3277	3.4424	0.0001	0.1147	0.0425	0.1761	0.0296	0.1490	1
MgSe	mgse	2		True	2.4984	2.4989	2.6508	0.0000	0.1519	0.0607	0.2402	0.0407	0.2075	1
MgTe	mgte	2		True	2.3038	2.3049	2.5923	0.0001	0.2875	0.0913	0.4180	0.0694	0.2875	1
MnO	mno	4		True	0.8308	0.8311	0.8312	-0.0000	0.0000	0.0016	0.0141	0.0009	0.0066	2
Ni	ni	1		False	0.0000					0.0096	0.0965	0.0064	0.0536	2
NiO	nio	4		True	0.5317	0.6801	0.6732	0.0029	-0.0040	0.0021	0.0170	0.0017	0.0080	2
PbS	pbs	2		True	0.2639	0.2642	0.2642	-0.0000	-0.0000	0.0034	0.0241	0.0025	0.0129	1
PbTe	pbte	2		True	0.6699	0.6700	0.6697	0.0004	0.0001	0.0062	0.0349	0.0047	0.0349	1
Si	si	2		True	0.5202	0.4749	0.4795	0.0000	0.0046	0.0066	0.0458	0.0036	0.0159	1
SiO2c	sio2c	6		True	5.4373	5.4367	9.4916	-0.0000	4.0549	0.0275	0.1289	0.6949	4.0549	1
Sn	sn	2		False	0.0000					0.0302	0.2523	0.0117	0.1016	1
SrTiO3	srtio3	5		True	1.7353	1.7353	1.7353	0.0000	0.0000	0.0449	0.2147	0.0691	0.2783	1
SrVO3	srvo3	5		False	0.0000					0.0598	0.3116	0.0739	0.3116	1
YMn2	ymn2	6		False	0.0000					0.0011	0.0070	0.0007	0.0057	1
ZnO	zno	4		True	0.7435	0.7432	0.7433	-0.0001	0.0000	0.0019	0.0396	0.0007	0.0055	1
ZnS	zns	2		True	1.8545	1.8541	1.8663	-0.0000	0.0121	0.0053	0.0463	0.0021	0.0224	1
ZnSe	znse	2		True	1.0542	1.0540	1.0714	0.0000	0.0175	0.0093	0.1282	0.0028	0.0273	1
ZnTe	znte	2		True	1.0327	1.0331	1.0713	0.0000	0.0383	0.0301	0.4319	0.0067	0.0504	1
ZrO2	zro2	6		True	3.8328	3.8324	3.8323	0.0000	-0.0001	0.0034	0.0572	0.0018	0.0123	1
wCdS	wcds	4		True	0.9094	0.9094	0.9188	0.0000	0.0094	0.0109	0.0766	0.0014	0.0193	1
wZnS	wzns	4		True	1.9361	1.9357	1.9512	0.0000	0.0155	0.0086	0.0681	0.0022	0.0293	1
